1933	0.015720
8016	0.001103
5561	0.003425
19166	0.027675
9595	0.004645
17729	0.039974
2579	0.030853
10371	0.154318
1862	0.034979
1343	0.113883
92	0.069155
1648	0.074468
3453	0.065585
1259	0.117377
152	0.071319
13381	0.112573
2023	0.081892
434	0.064422
3815	0.119506
6034	0.087396
12666	0.077871
583	0.161512
9167	0.073821
1085	0.135954
7835	0.094818
2367	0.089046
7012	0.165660
8	0.084283
17532	0.108825
11334	0.085339
4989	0.091941
4909	0.077350
218	0.131184
8988	0.145021
13662	0.078844
12835	0.078963
15081	0.077396
11462	0.078243
10543	0.083520
51	0.083912
151	0.108429
1054	0.094282
17405	0.083796
136	0.112691
3701	0.113245
435	0.084620
216	0.088198
118	0.084665
1896	0.163993
13949	0.094488
6456	0.080103
8993	0.103958
5789	0.085758
526	0.107448
13565	0.081943
3283	0.167116
16261	0.150855
215	0.087955
2766	0.142326
86	0.126643
81	0.083027
11030	0.082924
16903	0.091931
1288	0.094896
12559	0.122990
9472	0.096774
10191	0.094282
8117	0.083052
13490	0.089121
275	0.091524
16359	0.112127
11882	0.101352
7893	0.088524
15255	0.090087
200	0.144951
129	0.084785
114	0.100800
13341	0.084069
3234	0.147296
32	0.100845
15683	0.095141
17396	0.099414
35	0.094677
13469	0.162495
1004	0.107257
9481	0.165943
5138	0.092647
279	0.085829
8544	0.159746
6393	0.103408
17298	0.092250
13932	0.118561
9138	0.110957
8876	0.118774
317	0.112178
5662	0.109718
16083	0.141592
182	0.111958
9841	0.145168
3848	0.133494
9205	0.087173
4270	0.094051
540	0.091929
3280	0.165146
16749	0.088671
533	0.090341
12792	0.087507
17339	0.099052
18745	0.089227
4372	0.091714
4401	0.100915
4447	0.118662
943	0.098240
3909	0.087659
4858	0.166226
1999	0.103915
1912	0.120773
12138	0.090568
8930	0.088971
12324	0.109430
926	0.131998
630	0.122428
1001	0.095626
5992	0.118980
939	0.093664
10518	0.089062
207	0.149888
422	0.098775
756	0.100039
1504	0.112127
17325	0.115541
3474	0.128627
1066	0.148283
894	0.100813
19222	0.151100
1302	0.090232
1045	0.103542
9895	0.091491
179	0.095509
13944	0.099490
362	0.090386
6098	0.090884
8020	0.123846
10870	0.145375
2063	0.116992
4843	0.113762
13811	0.140659
19920	0.103469
19293	0.093617
9726	0.101953
5518	0.138192
447	0.092981
502	0.091507
219	0.128383
123	0.116696
5252	0.104966
1412	0.096293
1824	0.106673
3459	0.142454
9597	0.094628
302	0.141340
6989	0.143552
4077	0.114737
14601	0.093714
4141	0.097014
11319	0.113227
8916	0.144998
876	0.107741
14690	0.153256
18526	0.098810
3740	0.101019
17760	0.122646
18342	0.098733
19774	0.111308
12027	0.098028
2065	0.141510
8251	0.093460
3868	0.106765
599	0.107909
290	0.095584
16093	0.150326
962	0.139387
19231	0.101236
1607	0.097925
7541	0.095838
5043	0.097152
5256	0.099779
11111	0.162997
6887	0.108842
4139	0.100627
8491	0.128953
30	0.118931
7123	0.095756
6902	0.142634
1362	0.116867
238	0.101133
1921	0.113130
11990	0.114848
16646	0.108682
10596	0.107924
3553	0.145012
9512	0.103151
2317	0.098861
3052	0.139899
3020	0.136477
5699	0.124555
7913	0.114411
18643	0.116052
71	0.165916
7283	0.105624
18316	0.117143
1596	0.098338
5765	0.153192
273	0.113199
541	0.106241
371	0.110092
643	0.118716
18602	0.096546
11693	0.127628
10001	0.097467
3723	0.120265
1567	0.118071
7608	0.122001
3942	0.100499
4258	0.099940
10679	0.098778
6593	0.128298
7750	0.127047
11752	0.099546
14653	0.119438
15560	0.112013
2509	0.142161
4864	0.138387
2195	0.151401
18476	0.121789
288	0.112555
1802	0.156217
15158	0.106199
6542	0.111465
742	0.115034
8106	0.105657
4027	0.114813
4035	0.115544
2556	0.103595
16978	0.117940
6628	0.108153
27	0.124474
6241	0.117112
13806	0.108535
6871	0.124727
16226	0.125462
839	0.135941
16592	0.146419
2843	0.099047
1820	0.135294
13	0.160895
133	0.115270
7685	0.100154
17	0.099648
10136	0.099557
14384	0.101614
16385	0.124959
4807	0.101957
11960	0.149918
1126	0.099825
5982	0.103069
4512	0.101137
7	0.138485
3943	0.106545
17335	0.102458
13440	0.116103
16776	0.103026
2507	0.160306
2467	0.122902
13576	0.124876
1480	0.103792
1944	0.161324
16658	0.125285
10834	0.109854
15882	0.100517
4404	0.120542
3169	0.124372
9	0.137921
4636	0.124234
14893	0.134812
17007	0.101189
8715	0.108134
15569	0.129883
13254	0.144814
9320	0.103257
754	0.118078
5292	0.107580
16148	0.101344
1369	0.103273
10863	0.122448
10164	0.116136
9158	0.111452
12184	0.126842
4794	0.112174
2412	0.128705
18841	0.128810
2575	0.158431
10577	0.108844
19866	0.119209
18544	0.154269
15477	0.132139
248	0.103983
16576	0.105421
1318	0.133884
12861	0.116965
5841	0.109871
2295	0.122379
72	0.107697
781	0.116964
5821	0.143434
10913	0.115403
14313	0.103779
3586	0.137768
4852	0.116300
2019	0.121630
3242	0.105188
10697	0.104404
2673	0.131697
2420	0.103094
5573	0.113926
252	0.145171
1159	0.103060
558	0.112882
4647	0.105989
1295	0.160190
717	0.109807
13919	0.107808
19189	0.152500
3677	0.137988
13657	0.144647
9857	0.119311
4915	0.113125
24	0.138505
17942	0.109184
5164	0.127233
2185	0.144404
13564	0.158495
6216	0.110063
12704	0.109997
5386	0.118429
11884	0.105119
2729	0.146664
7188	0.105686
3155	0.137359
3	0.129212
1777	0.112017
148	0.159633
1940	0.127829
620	0.108321
19220	0.146296
1031	0.126291
9695	0.110648
17658	0.156827
11836	0.108474
11809	0.150107
3742	0.119682
3256	0.130906
8334	0.122634
5469	0.109024
12533	0.104928
1981	0.106733
12011	0.109518
19403	0.114294
4408	0.105700
7648	0.108411
9588	0.106812
2346	0.120246
15839	0.109495
13412	0.106835
6363	0.131195
19232	0.106473
183	0.165094
9875	0.112093
19092	0.112402
15187	0.107728
10239	0.138908
20	0.127875
17181	0.127411
4685	0.106011
16	0.157324
122	0.118106
21	0.151847
2425	0.106394
1625	0.163399
7699	0.148860
46	0.111168
1855	0.142302
10963	0.134627
9270	0.120531
5735	0.119793
12870	0.110397
8067	0.111316
1017	0.146911
5802	0.110022
13216	0.165538
5776	0.111730
4433	0.109666
5801	0.123489
6347	0.118774
102	0.125733
13703	0.118654
601	0.122413
15374	0.117686
4177	0.128301
295	0.128682
260	0.126319
3592	0.109724
428	0.111626
14679	0.122692
4244	0.143175
208	0.109367
17927	0.165125
950	0.163731
283	0.127107
16718	0.116225
855	0.108220
1945	0.120707
11499	0.109608
6455	0.112136
7710	0.116712
5006	0.129102
291	0.110597
506	0.146185
2677	0.127355
6844	0.108707
5672	0.153945
5493	0.125128
18648	0.115436
9492	0.124768
3139	0.111994
2211	0.158595
9231	0.110950
10579	0.146042
14178	0.166674
308	0.119728
14500	0.130388
19013	0.113835
17608	0.148601
8367	0.133851
14419	0.115325
19424	0.112629
11331	0.115024
34	0.133361
11352	0.109532
258	0.113060
17221	0.161064
16007	0.111780
8069	0.145379
17909	0.124964
130	0.113116
941	0.121028
12084	0.154871
990	0.144781
729	0.147166
4865	0.111508
7584	0.108276
7389	0.108532
1789	0.119783
5866	0.117444
4245	0.155531
22	0.156825
1458	0.125599
4769	0.136423
1102	0.115858
5221	0.108895
2906	0.125931
4591	0.135966
11972	0.134327
7684	0.109429
1038	0.147015
17680	0.133994
6716	0.143150
1894	0.132374
16452	0.118951
557	0.138865
5875	0.133577
8136	0.127006
13480	0.122146
41	0.110828
3036	0.139945
6635	0.128231
13831	0.126937
16395	0.109324
6004	0.121136
2188	0.151749
843	0.119999
4747	0.136846
17152	0.127628
6702	0.124141
854	0.118548
19396	0.128366
17635	0.136781
1308	0.110219
15517	0.127563
121	0.118323
1489	0.131754
8873	0.117595
42	0.109229
7119	0.132076
10584	0.125016
3245	0.113739
13603	0.114806
1653	0.114102
7527	0.109881
2922	0.111459
7791	0.120166
2474	0.150546
8706	0.135707
11285	0.118097
4083	0.111467
245	0.120085
8482	0.114073
17623	0.123429
1200	0.150436
785	0.126417
6865	0.111834
4354	0.121332
9345	0.158185
264	0.134200
9008	0.130983
19787	0.115153
16080	0.110052
1436	0.140018
491	0.128624
1509	0.146413
18344	0.135752
4697	0.116433
19690	0.111049
4701	0.110323
15708	0.111282
13728	0.130567
11133	0.126772
3711	0.116402
1058	0.166531
13225	0.117536
426	0.155354
1571	0.136763
12	0.128438
253	0.152165
12275	0.110997
7179	0.127968
296	0.110440
17348	0.113444
7409	0.166107
7513	0.120052
15542	0.130259
2458	0.112068
177	0.118368
236	0.111379
14143	0.118410
16449	0.111604
5607	0.111351
25	0.150624
4716	0.113345
7349	0.111395
1359	0.124883
5372	0.118308
10688	0.139311
6722	0.149699
7706	0.129092
5640	0.121075
6068	0.123169
3636	0.147386
19143	0.110626
5806	0.148822
16555	0.131943
9026	0.163841
97	0.122592
8369	0.142754
18985	0.117091
305	0.112821
3546	0.149139
6011	0.158127
1391	0.148808
8073	0.119335
15787	0.156768
1233	0.138470
16446	0.110940
10292	0.114026
10067	0.135515
9812	0.139408
12684	0.163228
9944	0.118859
9711	0.123736
1329	0.119694
18606	0.143672
1136	0.111391
11779	0.114889
548	0.120074
3828	0.146693
9855	0.123235
17208	0.132358
2606	0.129534
3211	0.120142
19079	0.160419
18445	0.116329
5404	0.126712
8320	0.155763
14894	0.113450
143	0.111640
11553	0.123374
494	0.128259
4072	0.120971
404	0.135389
12248	0.124463
256	0.142523
2981	0.112002
1025	0.117866
1612	0.161155
12187	0.162928
18850	0.134322
340	0.165356
8028	0.113796
663	0.129618
15359	0.122189
1263	0.133011
6561	0.139263
5505	0.113061
9966	0.111770
17764	0.113660
44	0.136739
1141	0.120340
893	0.160901
77	0.127264
2045	0.131020
1578	0.114640
14068	0.115218
64	0.115905
1737	0.113993
668	0.113344
160	0.128685
4172	0.112835
4850	0.133795
7485	0.133413
8707	0.161810
187	0.118318
15559	0.112574
7545	0.112998
280	0.119904
9515	0.150878
401	0.114746
12365	0.138346
7450	0.155049
14272	0.119645
3142	0.116314
14604	0.124802
5824	0.129240
1028	0.126353
12822	0.116963
6750	0.146450
2409	0.113015
3887	0.138978
9399	0.123259
443	0.113139
10654	0.147768
14389	0.124713
2449	0.125884
14519	0.156807
7213	0.132781
15598	0.137640
1209	0.142413
499	0.118721
9990	0.158843
13612	0.136562
3349	0.140034
813	0.123628
13922	0.165808
7983	0.116649
6848	0.130198
6109	0.159205
3632	0.113857
2679	0.117238
834	0.116623
2600	0.166106
2547	0.155013
10987	0.123544
577	0.151564
1299	0.158446
391	0.146982
451	0.120157
19685	0.134989
4730	0.113866
16383	0.118087
2105	0.139433
1482	0.114932
18615	0.133178
987	0.135934
17652	0.131914
9222	0.161479
2	0.119232
552	0.161288
11031	0.115242
5407	0.136530
10141	0.115135
628	0.116065
68	0.156291
7910	0.115732
10348	0.125380
4464	0.135078
3369	0.165528
2170	0.154189
363	0.113786
156	0.129159
19454	0.122153
2508	0.114047
7662	0.122694
6715	0.152814
8764	0.123506
606	0.137843
983	0.133596
8599	0.114405
150	0.122058
4862	0.132314
5399	0.119128
8549	0.121656
898	0.141323
6281	0.118843
638	0.119575
3617	0.117324
2156	0.118361
10999	0.116927
6694	0.118450
104	0.140823
39	0.119155
4666	0.155569
3218	0.133664
8903	0.114524
2103	0.139237
2596	0.135994
8774	0.123292
6390	0.166339
247	0.135227
4770	0.117997
12581	0.131287
7226	0.124049
446	0.114169
14573	0.123575
58	0.130346
4876	0.138921
16951	0.114299
6246	0.145241
192	0.123580
13766	0.130263
16229	0.140474
15812	0.138760
8070	0.142194
4741	0.124622
15195	0.122562
4553	0.152127
5555	0.131415
10511	0.133129
5058	0.140731
967	0.145962
9286	0.114721
7862	0.123144
50	0.132016
1172	0.118500
166	0.121485
6757	0.140643
4658	0.136289
1171	0.135543
13409	0.127167
1193	0.132673
14150	0.122386
7771	0.148766
2027	0.132413
7421	0.150774
8736	0.121010
15717	0.160398
619	0.116247
4226	0.117186
9425	0.121207
2250	0.117755
636	0.115097
11420	0.127354
8180	0.144288
536	0.159998
17130	0.115255
19233	0.146044
8326	0.146700
9937	0.129087
16833	0.165119
4751	0.128041
11338	0.147938
3914	0.143423
12736	0.125512
14564	0.115495
2418	0.120175
8284	0.155257
12560	0.139925
16108	0.160446
625	0.128558
212	0.145337
9936	0.135194
2051	0.118311
8113	0.123392
1485	0.128551
449	0.124821
15208	0.115860
489	0.137297
19	0.129622
4970	0.123603
10056	0.131872
12548	0.143060
6044	0.140651
2382	0.139277
13212	0.115713
18543	0.146953
868	0.140830
18282	0.117457
329	0.129112
6913	0.122450
3022	0.141139
10949	0.142177
4343	0.133337
8243	0.116759
5158	0.146524
12570	0.136520
145	0.132251
14496	0.118837
2127	0.146822
14014	0.132245
1686	0.124041
405	0.154638
70	0.118213
3015	0.122651
3719	0.116718
14388	0.138514
4124	0.116452
8742	0.124634
9764	0.151825
2912	0.129732
2760	0.125315
13757	0.118810
66	0.141924
748	0.134783
11822	0.138436
844	0.126035
10664	0.139930
14311	0.119357
4260	0.133692
3921	0.127329
10832	0.120220
4896	0.118330
4212	0.135351
13183	0.125287
10329	0.138115
15354	0.121795
5639	0.149981
9838	0.117026
8562	0.124968
2132	0.136091
1072	0.131989
19381	0.139219
1078	0.126396
85	0.129311
2352	0.134515
9461	0.125628
2116	0.136981
2168	0.122919
7789	0.151436
4034	0.118420
10815	0.145259
31	0.150094
12786	0.117805
18895	0.133637
6235	0.143978
9112	0.117804
16912	0.122960
579	0.150060
8005	0.138090
7096	0.116681
19662	0.120643
6804	0.147110
8208	0.117627
6705	0.120474
16525	0.118740
11221	0.125878
254	0.122776
4075	0.136111
5565	0.133594
999	0.118628
1405	0.133691
11270	0.146672
6514	0.159905
2117	0.119263
11189	0.129883
326	0.122531
10786	0.138013
4659	0.124683
10738	0.129285
14808	0.121386
6993	0.119798
3779	0.157037
13764	0.129338
15310	0.140153
15394	0.140386
19963	0.117370
19433	0.122041
10	0.148565
19897	0.148518
16492	0.134649
15065	0.120153
1796	0.130389
201	0.153557
7321	0.125470
223	0.165594
12310	0.123479
535	0.163626
3524	0.119132
12593	0.119683
6102	0.156071
10117	0.158409
7427	0.150993
386	0.117775
6901	0.123713
9393	0.118050
18300	0.144259
2695	0.145616
17823	0.118786
16596	0.134699
8520	0.144505
12864	0.163560
1202	0.140742
5898	0.160519
16755	0.130156
10595	0.127150
5826	0.145414
11688	0.142606
5957	0.119413
47	0.155724
13748	0.164469
18249	0.145273
1909	0.118012
11721	0.151338
7775	0.125949
4651	0.142153
5365	0.136064
5557	0.127116
11378	0.126808
4866	0.123255
3288	0.165635
1453	0.135681
19913	0.121957
9531	0.131768
4227	0.125415
2638	0.120986
203	0.127105
1726	0.158184
3267	0.155899
4868	0.130072
332	0.133299
11366	0.121666
33	0.154446
373	0.140987
11981	0.121954
14684	0.121346
414	0.119197
3210	0.122573
3523	0.125175
14396	0.137298
3054	0.132010
492	0.134063
13905	0.141219
817	0.118527
10099	0.133196
307	0.123158
16177	0.134434
3918	0.135740
65	0.136420
18353	0.131532
55	0.123017
16823	0.130580
11567	0.146968
2312	0.123684
1164	0.133894
10300	0.121683
3144	0.151619
16077	0.124827
4971	0.149136
8836	0.125875
10454	0.157975
3368	0.118805
11105	0.126996
1882	0.132107
12386	0.139901
7748	0.128470
10742	0.123065
12219	0.129291
1772	0.129478
15127	0.160103
11939	0.158618
106	0.156032
5495	0.120079
2924	0.128850
2404	0.148283
8680	0.134994
1497	0.161306
372	0.126430
13024	0.119654
11706	0.162048
67	0.124843
239	0.131280
4435	0.127222
3505	0.141752
5383	0.124372
178	0.125967
14874	0.145781
589	0.162163
1687	0.125841
2511	0.126920
8354	0.127352
549	0.120793
1457	0.120304
250	0.138869
19075	0.160079
12165	0.132274
752	0.121349
803	0.148583
45	0.133014
11841	0.131082
11632	0.141358
6326	0.119689
2639	0.127264
3509	0.149937
1590	0.124059
5055	0.138716
750	0.128158
8063	0.127983
2469	0.136668
18192	0.156738
410	0.121666
5511	0.126989
5368	0.131444
1962	0.124054
17758	0.119969
8676	0.139644
10607	0.124120
833	0.120362
4114	0.123809
622	0.152467
11064	0.128475
4526	0.121014
56	0.146283
1356	0.119801
18609	0.129260
878	0.147584
13514	0.129158
11403	0.127643
3606	0.128060
11537	0.157834
4323	0.150317
3018	0.145126
513	0.144471
9832	0.149102
6305	0.125173
128	0.152917
111	0.157183
4739	0.122073
8193	0.139212
6217	0.141686
286	0.126833
17391	0.121496
9329	0.146127
11368	0.126521
4791	0.147478
8934	0.121224
17443	0.121033
185	0.126773
6614	0.161912
1278	0.161213
838	0.120759
1767	0.130905
2074	0.144967
3032	0.122687
3832	0.124285
12587	0.120333
7104	0.127041
1494	0.127599
412	0.152840
6021	0.133659
3248	0.137591
3497	0.141742
9678	0.129188
1283	0.147922
18854	0.133157
188	0.123399
26	0.159546
11489	0.141704
10201	0.157401
1461	0.123424
15927	0.145257
18693	0.136295
4724	0.133642
101	0.154980
43	0.126078
2934	0.123990
6626	0.140608
5685	0.122339
13023	0.125799
6129	0.153930
368	0.121777
89	0.145981
2066	0.122555
108	0.139537
3427	0.160981
4700	0.121041
1153	0.134672
17104	0.122385
12455	0.121734
16411	0.149703
211	0.120616
3180	0.153481
6359	0.142321
5088	0.161255
287	0.129206
1230	0.123056
6763	0.131882
10683	0.147194
19978	0.134169
1550	0.159172
379	0.121671
18980	0.131549
17603	0.127017
8226	0.127314
5171	0.123072
6576	0.131026
19110	0.131422
9075	0.128007
7635	0.125137
2808	0.143470
3154	0.150127
14400	0.123669
8505	0.122988
2365	0.160608
5165	0.147935
1051	0.143089
4279	0.131776
9963	0.128227
3952	0.164868
16818	0.165189
2717	0.125402
14541	0.133278
16557	0.124034
6518	0.142131
173	0.128927
15454	0.140821
8159	0.145564
12742	0.127042
19826	0.140174
1826	0.127788
14578	0.121643
4492	0.157035
8547	0.133238
13624	0.125917
3238	0.127360
10157	0.124912
7886	0.125115
8335	0.150995
16578	0.122209
8987	0.121962
3131	0.121898
1148	0.135911
6667	0.155579
16968	0.140851
2197	0.166755
11323	0.124649
9312	0.150722
1414	0.129126
3310	0.144086
206	0.136653
8397	0.126543
1073	0.157067
4059	0.156603
12308	0.121750
13516	0.139498
605	0.137222
19788	0.152922
808	0.142568
16651	0.129964
4675	0.158345
18384	0.124026
17132	0.124369
10004	0.130705
6484	0.166891
3230	0.121780
2787	0.148544
17201	0.126023
9842	0.121905
470	0.122077
4237	0.153586
6673	0.155372
7275	0.153784
17476	0.130406
419	0.129206
3777	0.122846
14789	0.127289
15345	0.124346
11459	0.130621
4776	0.122456
7255	0.131061
161	0.130745
1746	0.125774
8194	0.138119
4364	0.148057
7241	0.139703
16782	0.136917
193	0.125273
8360	0.123900
1950	0.128046
1849	0.124133
19210	0.122744
13093	0.124525
555	0.122350
18436	0.139052
16366	0.136832
4102	0.158479
741	0.135140
11580	0.124054
5305	0.136432
4930	0.156217
19172	0.156673
341	0.122550
17516	0.139968
13385	0.162322
1727	0.137453
10273	0.122410
1035	0.137163
10980	0.163626
755	0.140779
2714	0.137896
14	0.124693
91	0.135618
0	0.151783
131	0.149267
17162	0.133335
493	0.126064
19055	0.142835
13451	0.149679
11535	0.140575
7947	0.137703
12830	0.138237
17621	0.141979
2068	0.130937
1887	0.132091
2042	0.134785
5109	0.144091
518	0.132379
5624	0.139503
16887	0.132365
2482	0.147977
3314	0.130193
3970	0.130346
14415	0.126615
15756	0.123101
4254	0.127133
8621	0.160710
907	0.138017
3158	0.141518
9255	0.149471
366	0.148684
510	0.126567
7754	0.125771
4152	0.123201
17251	0.140418
6136	0.123777
14060	0.123574
6334	0.133643
660	0.134715
2498	0.133273
12598	0.147463
16126	0.156313
4285	0.149243
11495	0.132215
965	0.132750
8385	0.147057
49	0.138430
5428	0.138426
18267	0.125394
16183	0.145163
6260	0.147678
1515	0.144298
6295	0.143305
12112	0.130386
13106	0.149931
3756	0.136587
322	0.125125
16266	0.152739
5655	0.145262
8506	0.132149
3518	0.154051
11424	0.131056
7136	0.153186
10723	0.135738
14663	0.129185
14532	0.146399
3098	0.135112
9447	0.144074
9941	0.151095
19296	0.129135
2699	0.139118
1707	0.125571
6059	0.123420
10769	0.136931
8743	0.138001
224	0.150766
13765	0.155596
2777	0.141116
10043	0.148969
1335	0.137417
4520	0.124385
2475	0.155369
3023	0.126416
11259	0.150570
5279	0.145586
15074	0.137849
10437	0.157077
4225	0.155485
10623	0.127807
1143	0.123739
545	0.137542
6524	0.145695
15807	0.145749
705	0.129965
2865	0.124418
15185	0.152456
14498	0.156248
4539	0.147097
5320	0.137584
1644	0.151470
17667	0.155109
1374	0.133119
180	0.128620
10295	0.148288
1002	0.129860
3415	0.136433
712	0.124727
2137	0.147087
209	0.131546
15778	0.130094
4974	0.145107
9680	0.165521
243	0.126766
1041	0.135730
639	0.124189
16710	0.123949
18721	0.140821
2416	0.131808
1460	0.124690
113	0.129567
1003	0.146118
1877	0.124613
17692	0.138282
12107	0.146656
19616	0.154126
3161	0.149191
9745	0.135606
16773	0.147861
7904	0.126981
13736	0.129222
744	0.144670
1344	0.161260
19557	0.124429
13809	0.129610
18119	0.125256
14574	0.165388
5526	0.153827
14233	0.141290
7711	0.128064
13407	0.135865
9600	0.127117
3653	0.140855
13731	0.136441
998	0.150550
15591	0.156598
6793	0.140753
626	0.128756
11963	0.132314
14777	0.129424
5993	0.130632
673	0.125137
3353	0.148561
16270	0.130286
1579	0.134093
928	0.142156
3298	0.145314
7116	0.139926
9479	0.165300
3831	0.136692
2133	0.142177
15513	0.134487
10420	0.149675
12044	0.154448
15015	0.124489
1508	0.144249
4451	0.125738
135	0.165235
165	0.138763
4340	0.129498
6300	0.161494
8850	0.126602
11833	0.150089
13857	0.142686
17807	0.142627
1888	0.126573
6532	0.131149
6662	0.161063
4481	0.144778
7078	0.124754
15223	0.132747
1914	0.144127
11134	0.144004
6942	0.124860
11748	0.154445
4474	0.156933
795	0.136937
3041	0.141935
11245	0.152165
14009	0.129970
7607	0.124808
8356	0.162163
5827	0.128452
14292	0.126486
5794	0.136320
5532	0.156770
12760	0.128756
17988	0.151543
4317	0.163310
2549	0.143220
13098	0.165233
10783	0.139267
4142	0.129316
7448	0.131757
1858	0.134350
3089	0.128833
11248	0.152207
8793	0.130674
84	0.134109
498	0.139787
4639	0.129837
167	0.128381
6012	0.138977
14486	0.129607
7845	0.130203
9480	0.140520
992	0.133410
13708	0.155326
3906	0.132938
17687	0.125814
8271	0.141468
19804	0.132781
2830	0.140238
18223	0.129624
18455	0.143541
9615	0.155324
9972	0.126109
13005	0.125906
895	0.139976
9152	0.125984
977	0.127925
18893	0.139195
4698	0.128589
13426	0.129705
16850	0.138530
3551	0.156646
12267	0.144931
4318	0.156792
18839	0.136646
11	0.136470
609	0.126110
3190	0.129106
87	0.151768
48	0.129792
15023	0.142828
8721	0.127449
4935	0.133106
17661	0.161352
19253	0.166450
3292	0.148401
17777	0.133254
2842	0.147303
1878	0.130853
117	0.131251
14224	0.152856
18275	0.129256
53	0.133441
11920	0.152034
1970	0.154325
12383	0.130748
635	0.154337
805	0.149203
1438	0.126510
730	0.148217
6881	0.143391
15258	0.139607
14422	0.143007
18057	0.132673
3622	0.147274
6898	0.144061
10203	0.134058
4358	0.134885
4593	0.149134
3279	0.161591
168	0.127460
1368	0.126494
259	0.131573
1733	0.127378
10033	0.141357
2676	0.128110
11665	0.137127
385	0.131349
578	0.131338
2158	0.138301
1204	0.138916
8693	0.138051
1968	0.152107
8729	0.135760
10310	0.151788
4813	0.142814
319	0.128520
12180	0.125975
2961	0.135109
1534	0.136431
17049	0.140264
8760	0.156947
15917	0.130305
17534	0.149434
640	0.134746
19864	0.128403
231	0.130009
10627	0.144771
6051	0.149445
14020	0.130510
6653	0.139812
17592	0.126160
3840	0.161328
1995	0.131645
3717	0.158661
1367	0.150045
3116	0.136624
9455	0.166572
14981	0.126530
13034	0.136030
3204	0.152703
16066	0.162039
18349	0.133369
19328	0.126469
784	0.127940
6186	0.153769
9328	0.130127
10761	0.141212
1980	0.131452
2057	0.143829
7650	0.158566
7521	0.138805
1441	0.151935
12743	0.150640
1024	0.126672
478	0.153491
158	0.155769
17189	0.135530
4388	0.165367
5999	0.129447
16878	0.161772
9919	0.159249
15337	0.130762
886	0.127251
9635	0.148209
2619	0.141143
16182	0.129424
6330	0.128164
396	0.140515
52	0.141571
2237	0.139331
8633	0.128268
1411	0.162510
1728	0.131472
4967	0.133912
7220	0.163237
16497	0.126713
10208	0.152761
10936	0.146380
4161	0.150353
8564	0.146189
351	0.132906
703	0.127209
6981	0.128321
512	0.137061
1365	0.130136
15101	0.153558
10255	0.133228
9272	0.143134
19715	0.133564
9045	0.134974
18948	0.129424
2097	0.132383
8589	0.141936
10822	0.136842
12836	0.141714
3493	0.150245
15386	0.152043
2675	0.127061
3911	0.153161
2490	0.129738
407	0.159498
12905	0.132477
5509	0.160422
3494	0.130872
19665	0.131515
3866	0.129978
6441	0.145302
28	0.128906
18531	0.147972
456	0.130257
5210	0.128399
2139	0.127748
4368	0.151319
1684	0.127257
6450	0.153473
8049	0.128230
3574	0.149669
12676	0.162701
495	0.142346
7295	0.148236
2355	0.130161
7237	0.152769
2780	0.149026
2301	0.130397
994	0.127492
3123	0.139380
1971	0.128343
4515	0.139842
4489	0.130407
746	0.154928
5445	0.135044
14504	0.127907
2555	0.141732
2268	0.138199
12735	0.147584
8476	0.161862
9803	0.127886
500	0.147204
5899	0.140585
10261	0.128998
13530	0.130630
17875	0.158419
11085	0.149218
3649	0.141079
3081	0.131008
3511	0.139946
1118	0.128607
234	0.156053
2162	0.133344
229	0.148707
6858	0.141706
3000	0.146662
17350	0.166328
17039	0.163781
10653	0.138638
656	0.127656
19830	0.161581
13220	0.153889
1323	0.140406
14366	0.149858
9402	0.129692
9616	0.142897
10200	0.127855
12235	0.135296
19450	0.143691
1654	0.146466
9127	0.137671
11168	0.143631
1092	0.139769
3308	0.129743
3087	0.136409
408	0.140960
2371	0.143059
1643	0.137741
3780	0.131377
5269	0.155319
4874	0.131875
947	0.154550
5	0.134914
542	0.154154
1908	0.141180
9776	0.145845
5181	0.139527
17995	0.141823
12580	0.156080
3224	0.132863
4529	0.159735
7956	0.153783
6830	0.156509
3101	0.136834
11951	0.133035
9486	0.165445
8557	0.165137
618	0.129906
17824	0.136198
15177	0.150999
1314	0.160330
4627	0.147034
94	0.130504
83	0.163425
6427	0.156919
8343	0.163971
2035	0.165202
5772	0.128352
348	0.154977
5344	0.130250
12777	0.143014
2484	0.129867
10373	0.157996
9998	0.155964
4839	0.151585
5924	0.154466
10698	0.146006
8917	0.133165
5550	0.142543
14208	0.128343
607	0.145868
364	0.160118
9237	0.142304
334	0.129776
74	0.142781
227	0.130072
7180	0.163937
138	0.129815
8973	0.131262
14138	0.151650
686	0.150028
15392	0.159132
3300	0.136016
6785	0.143343
1062	0.146650
10072	0.128504
18547	0.155703
3758	0.141676
171	0.134817
15713	0.149611
2174	0.137031
19421	0.149175
2942	0.140486
2230	0.147135
14957	0.128983
460	0.149759
2530	0.162700
8826	0.153158
8023	0.148907
15283	0.164476
17872	0.134866
270	0.135888
8075	0.165688
13104	0.154553
5975	0.161410
1156	0.137494
1880	0.161269
3615	0.157931
15383	0.150637
266	0.162301
2455	0.129727
15676	0.154582
9911	0.136382
789	0.159678
17555	0.129158
2283	0.138705
11086	0.147309
4542	0.133518
7274	0.157610
12631	0.151667
996	0.161153
3525	0.151554
13755	0.144519
8768	0.129032
9282	0.150360
9121	0.128934
17439	0.134833
13121	0.137833
7522	0.130080
3033	0.136593
2005	0.157234
2267	0.136560
900	0.134018
15026	0.144017
3260	0.129378
15186	0.142508
5327	0.158473
13870	0.130147
15738	0.138300
5858	0.139386
154	0.144954
10871	0.138781
331	0.129516
11065	0.141127
398	0.129198
1106	0.154924
901	0.136586
186	0.164748
12540	0.165029
9190	0.145373
4527	0.140450
5599	0.130419
1372	0.141628
14471	0.145427
6106	0.135187
19668	0.144222
8724	0.134876
5429	0.140236
11415	0.151661
6714	0.152122
13824	0.143543
5398	0.132148
1490	0.139751
15602	0.148702
6406	0.149554
13143	0.142097
8441	0.130407
2712	0.130891
9625	0.141394
16745	0.129441
393	0.130239
644	0.140766
7837	0.141951
19874	0.130055
3776	0.151926
9809	0.164721
7126	0.131324
10460	0.130319
11236	0.142812
8944	0.149370
17271	0.130206
6713	0.147317
1018	0.141577
1169	0.163099
5749	0.163239
531	0.130490
1254	0.129625
59	0.145539
9163	0.141488
5553	0.130330
3132	0.133554
10212	0.132538
3085	0.148511
18939	0.146198
5134	0.138612
975	0.132641
8585	0.139189
10592	0.129844
1149	0.129942
12101	0.146157
11320	0.132725
7100	0.132896
15825	0.129850
17199	0.143309
7222	0.147592
3675	0.150365
15672	0.139088
1773	0.136890
18949	0.167094
16849	0.146123
7647	0.133969
2502	0.134918
19622	0.160261
14710	0.132052
10724	0.141287
3466	0.135007
12590	0.156740
4488	0.142578
2118	0.161465
17958	0.153258
6950	0.151880
14192	0.141322
1088	0.161330
15609	0.138965
4719	0.167054
1827	0.164690
424	0.161298
14590	0.159461
3495	0.144699
598	0.162271
1792	0.155349
2285	0.146150
382	0.129916
19746	0.142932
3604	0.161299
14043	0.149380
17347	0.133788
5319	0.151172
7562	0.134359
8239	0.155586
8253	0.130016
5011	0.134197
18810	0.164644
11970	0.154362
16663	0.131100
4168	0.130093
7011	0.130043
687	0.154321
1173	0.130831
4491	0.138190
320	0.136703
3396	0.132910
5520	0.165174
595	0.156924
18242	0.145188
2429	0.137580
4934	0.141510
8967	0.131209
2891	0.151992
9802	0.132097
17509	0.159659
8603	0.130456
13273	0.130202
14708	0.131817
503	0.139080
2263	0.161696
3140	0.130717
112	0.132517
8673	0.156478
5475	0.140925
5409	0.154676
3286	0.139046
877	0.150961
10941	0.136490
6794	0.133410
5065	0.131473
15530	0.138385
11414	0.163633
18940	0.130690
10725	0.159305
1064	0.158953
10666	0.159225
13112	0.137272
1762	0.159218
4938	0.159489
2940	0.131263
8317	0.134039
5733	0.131889
15922	0.134509
4679	0.132454
8956	0.135335
3680	0.139350
1628	0.130908
15048	0.157743
1553	0.132293
19156	0.130566
2047	0.133337
2245	0.138470
8699	0.133245
571	0.152357
175	0.156618
13785	0.142169
3873	0.153967
5205	0.135780
17825	0.138290
7995	0.147367
3418	0.134040
7079	0.151651
651	0.137895
5250	0.150585
3886	0.151059
982	0.132400
11145	0.138500
80	0.158735
11727	0.130568
976	0.132220
3697	0.142986
10366	0.157506
3309	0.152986
13840	0.133245
13915	0.165729
12449	0.148104
18778	0.161990
2214	0.138385
16967	0.145838
457	0.139185
7292	0.133496
1091	0.140951
3322	0.132477
12595	0.136099
10984	0.164031
19179	0.137009
12910	0.149268
9287	0.135708
4336	0.140624
1425	0.153324
6071	0.143369
18427	0.151094
337	0.131077
1423	0.139508
93	0.163514
467	0.131698
16777	0.158500
15780	0.157579
3159	0.149768
3385	0.142721
12253	0.131138
19881	0.149850
14638	0.166270
7906	0.145549
246	0.136165
12351	0.165558
18446	0.158849
16258	0.149699
5081	0.131370
10361	0.131277
1778	0.133496
5601	0.141613
15531	0.155032
1386	0.137648
685	0.136547
3616	0.131577
1390	0.134476
15	0.134951
357	0.132287
1630	0.136367
3991	0.151126
3650	0.164177
1239	0.163194
1605	0.162925
8659	0.154712
7473	0.138236
507	0.159046
1349	0.163939
3688	0.137519
17299	0.138834
6220	0.167055
9278	0.163126
423	0.133145
1383	0.144642
13439	0.159919
12415	0.138735
1823	0.137714
15800	0.138227
14765	0.146632
11927	0.151841
3003	0.131307
4861	0.150455
17311	0.145071
2939	0.138921
139	0.137007
18697	0.158288
19857	0.153446
6846	0.147829
16820	0.155379
2426	0.135485
16227	0.146407
7286	0.132511
1008	0.138415
10109	0.135653
9744	0.136428
4070	0.133457
2391	0.139905
3812	0.136241
169	0.131845
11977	0.146774
17357	0.145530
1924	0.148236
9468	0.137166
7186	0.160987
4460	0.138797
7303	0.157524
1927	0.166163
4424	0.136406
3135	0.158608
11347	0.148366
15311	0.137683
1176	0.150200
11949	0.155680
1871	0.136525
3874	0.136786
8350	0.132789
13199	0.131564
15421	0.136396
194	0.134841
15611	0.138515
19255	0.149033
9699	0.138673
63	0.135258
8164	0.132672
12971	0.158834
9931	0.134123
12357	0.141277
18308	0.162991
2325	0.148380
1286	0.132138
19121	0.152337
1074	0.143990
4305	0.133925
809	0.149050
6470	0.162350
5757	0.134034
761	0.141704
12421	0.134781
10321	0.141321
2408	0.150114
1009	0.135000
432	0.134128
6608	0.166766
14399	0.137426
233	0.147713
4144	0.132403
120	0.133286
16627	0.142878
5376	0.144635
12843	0.162361
10873	0.139110
2269	0.132885
19719	0.155636
4655	0.161011
8099	0.160663
1434	0.147554
12142	0.148473
2380	0.132731
18692	0.135294
13729	0.148092
1919	0.151293
5530	0.132615
5032	0.134389
2079	0.144385
1061	0.140039
4202	0.161853
1600	0.151193
10350	0.145567
556	0.142307
125	0.150332
19291	0.155004
12627	0.138939
4475	0.166669
1104	0.134315
16676	0.132532
483	0.133456
812	0.142115
743	0.143822
18193	0.138083
505	0.137852
6267	0.165618
3668	0.132471
1790	0.143293
991	0.141217
1166	0.166565
349	0.138881
16339	0.162340
481	0.166788
126	0.152431
5095	0.135919
1463	0.158075
9953	0.144422
15422	0.132220
1420	0.156524
5516	0.161512
1956	0.153714
7097	0.133212
13241	0.162398
8004	0.137101
5236	0.137617
7439	0.148739
4563	0.133291
9358	0.135645
1207	0.132685
892	0.146686
13108	0.132341
18852	0.154644
918	0.142098
12104	0.142763
5822	0.150500
9428	0.143978
12624	0.144985
4099	0.152194
19832	0.146924
14930	0.165438
13339	0.138508
3898	0.142099
61	0.144886
12263	0.157323
1601	0.144342
6119	0.149568
18163	0.133524
18872	0.145885
4284	0.138422
198	0.155702
17279	0.146883
596	0.142777
8071	0.138004
9874	0.147550
12958	0.145252
8345	0.148335
2318	0.138287
14906	0.147028
3492	0.143250
475	0.134235
2361	0.138609
17767	0.133561
9884	0.149703
4023	0.146912
2858	0.145032
8637	0.148241
2770	0.142050
6135	0.134174
5971	0.137537
13006	0.157099
19625	0.151520
12356	0.133261
1319	0.159419
8459	0.151530
690	0.160411
6443	0.137532
7377	0.155803
9783	0.160633
3894	0.144724
13389	0.157143
18108	0.134185
3419	0.143814
6821	0.144933
14761	0.140970
617	0.134001
14842	0.155935
3377	0.133184
3816	0.136565
6323	0.133027
12558	0.152173
16722	0.148995
3359	0.163615
2670	0.139046
73	0.134834
10792	0.138567
659	0.160417
669	0.167023
12058	0.139336
1474	0.140373
15970	0.140573
802	0.134734
1183	0.150335
8595	0.147084
13639	0.137803
858	0.157910
17727	0.143295
8457	0.145173
5322	0.140673
225	0.152519
15189	0.142061
1384	0.134522
3062	0.140080
2974	0.134537
1234	0.158844
5162	0.145206
11250	0.141716
7517	0.138159
9419	0.134723
5661	0.161753
14353	0.153702
1918	0.149943
1345	0.136711
1352	0.137989
11761	0.153443
6789	0.136257
19458	0.153468
4473	0.148894
7909	0.139653
1111	0.148985
4208	0.138316
18170	0.137154
15314	0.156550
9417	0.144450
1444	0.145501
777	0.137812
5868	0.166287
8077	0.141268
38	0.141648
15242	0.139820
1913	0.160396
10978	0.133542
134	0.150964
13696	0.134873
12701	0.140281
19256	0.162898
13625	0.148742
172	0.153261
10727	0.154934
1817	0.153547
7930	0.135107
1801	0.146024
12071	0.134756
1506	0.153574
17106	0.144183
7038	0.148371
7175	0.139410
11947	0.151854
3576	0.134468
11097	0.149383
471	0.138004
16545	0.160106
5415	0.143678
12847	0.150076
15665	0.147558
18553	0.146847
2428	0.150139
14463	0.151983
16573	0.141018
1749	0.144026
2328	0.157628
4096	0.135984
11410	0.158412
16375	0.158103
9628	0.143870
10631	0.144857
12188	0.163073
9059	0.137298
688	0.165134
1297	0.152185
5123	0.142752
6035	0.166455
979	0.144417
616	0.137829
3384	0.147842
9976	0.138656
5590	0.157417
5933	0.154074
15262	0.134043
10928	0.153911
13912	0.157121
16765	0.142500
17862	0.137626
19601	0.164211
4500	0.160515
5216	0.146830
11668	0.137856
335	0.139413
9649	0.149623
199	0.134307
5945	0.155814
7431	0.141490
3147	0.144001
18936	0.134849
17464	0.150183
2038	0.159460
5995	0.147743
8315	0.135801
4145	0.164065
11657	0.160538
8283	0.141758
13670	0.149162
3189	0.146234
12752	0.150192
8017	0.134408
831	0.144855
4193	0.165344
17218	0.142716
2339	0.167122
1337	0.141547
3934	0.161392
8530	0.155593
2441	0.152791
5106	0.135060
3706	0.157138
439	0.134479
6159	0.136797
3733	0.153010
2505	0.156273
2192	0.143981
3541	0.139542
1084	0.140439
19970	0.159367
13244	0.151503
7797	0.155053
116	0.136186
14973	0.161686
15094	0.146619
5846	0.149309
9655	0.163250
18674	0.143276
1598	0.149489
12082	0.135535
4818	0.148974
2029	0.140708
10395	0.136535
15886	0.146564
10920	0.146770
10935	0.136795
12203	0.155038
16686	0.137553
16524	0.160835
1810	0.147655
19526	0.163625
14448	0.141264
16688	0.150692
9818	0.152705
14634	0.142055
4614	0.137937
12221	0.141565
19682	0.139990
299	0.166184
343	0.146277
6658	0.147681
11866	0.137097
8237	0.153009
13009	0.162373
2929	0.135057
8592	0.166092
3124	0.149034
4294	0.156825
15418	0.154436
9502	0.143784
12916	0.149416
6384	0.140499
18142	0.135485
5079	0.135134
699	0.149355
780	0.146856
3751	0.143455
19649	0.144919
694	0.140534
5864	0.135743
1616	0.135058
10643	0.159073
9220	0.162293
6947	0.154229
2072	0.142114
11096	0.135883
2457	0.144100
2758	0.135963
9013	0.155056
16708	0.166293
2200	0.139055
8591	0.143245
8887	0.140029
6727	0.143806
11564	0.154464
40	0.139826
5000	0.157396
4871	0.145886
4200	0.141006
18640	0.153097
4452	0.151329
12296	0.156379
5471	0.137745
10790	0.136141
852	0.162176
10513	0.138045
5430	0.166477
6507	0.136832
5666	0.152021
14121	0.164589
12765	0.144519
202	0.138151
3462	0.138962
1034	0.153960
10695	0.167081
6919	0.162691
10081	0.143319
732	0.138294
1799	0.162626
19124	0.139647
8313	0.152160
3404	0.165238
13234	0.164350
16974	0.138690
9178	0.136783
8443	0.137076
4562	0.147880
6411	0.152475
7346	0.140364
4113	0.135616
8831	0.137208
869	0.166591
8581	0.159015
18098	0.140317
16000	0.161241
4154	0.140945
652	0.138287
5539	0.159126
7348	0.149944
2401	0.147970
15303	0.146225
2009	0.140177
5369	0.154953
406	0.154723
1	0.149255
18400	0.152929
174	0.157193
10729	0.162500
3869	0.135838
2359	0.141947
10564	0.144641
16645	0.145665
5021	0.150876
7080	0.139098
16436	0.157016
1863	0.138013
1763	0.139487
5004	0.158703
6971	0.143879
7127	0.138754
5091	0.148468
16900	0.166438
1539	0.135657
14162	0.142472
14153	0.144501
17445	0.138607
2311	0.157836
9236	0.137349
2444	0.151682
1576	0.165028
2784	0.157050
163	0.142442
8388	0.140257
10023	0.136773
6707	0.140651
7059	0.148573
19967	0.152572
7676	0.143886
10115	0.156303
1977	0.154698
14146	0.151103
5178	0.137566
4390	0.139617
10895	0.157339
17042	0.146782
7045	0.152205
5176	0.159314
18663	0.143779
15934	0.150524
5349	0.140961
1257	0.138749
7472	0.141566
9638	0.152715
18	0.143139
16419	0.152829
1214	0.149047
18471	0.138577
5686	0.143256
11266	0.136362
95	0.141555
2299	0.140197
1251	0.136570
7113	0.155367
18983	0.158380
997	0.137103
359	0.163247
662	0.145436
984	0.159138
3045	0.148242
13237	0.144979
9548	0.137361
1782	0.144968
1920	0.149549
392	0.160889
2194	0.136451
7118	0.139218
5726	0.150280
3264	0.166283
4796	0.166235
13524	0.142565
1174	0.141002
1754	0.140948
16526	0.141168
8024	0.160805
11457	0.143650
60	0.141941
7015	0.148804
17037	0.141671
7034	0.149880
9617	0.143524
14296	0.158644
14887	0.136038
2706	0.149399
846	0.142936
3471	0.144013
12325	0.136529
2239	0.159478
6378	0.153511
12102	0.160339
12725	0.156407
13783	0.140224
16587	0.152227
6	0.146520
490	0.158116
11104	0.143565
13996	0.136796
2094	0.143376
10576	0.151617
12317	0.145852
614	0.141009
2226	0.140156
4407	0.148171
13548	0.137430
17775	0.143532
3009	0.147917
1512	0.149004
1961	0.136665
5691	0.165232
2771	0.143426
13936	0.158737
3913	0.151295
3953	0.138331
4259	0.151331
1150	0.139572
13364	0.139956
17913	0.146625
1651	0.157726
1306	0.138316
18312	0.147291
4325	0.155815
356	0.147739
11856	0.159834
2894	0.156071
610	0.154245
18727	0.157560
427	0.150123
6425	0.162298
7440	0.164070
6814	0.165275
3276	0.156286
12553	0.151175
15020	0.156635
9668	0.166926
1642	0.136918
15889	0.157661
14896	0.157483
13943	0.149564
14416	0.146353
6446	0.155687
15051	0.140525
2225	0.153007
1759	0.151463
115	0.141809
12161	0.137131
17805	0.143912
2049	0.162733
210	0.164093
12800	0.162752
10473	0.156550
1502	0.146959
450	0.140496
13206	0.136807
5921	0.137099
2927	0.166552
949	0.148778
5614	0.138402
2329	0.140320
19925	0.152683
14358	0.149837
8462	0.154109
15352	0.154269
10114	0.144189
13036	0.143550
11598	0.144830
13205	0.141457
12952	0.155946
13158	0.138695
10039	0.154558
3933	0.138107
5574	0.147834
5331	0.141989
12643	0.137598
8757	0.139472
2462	0.140487
3791	0.137173
2552	0.165786
13741	0.144264
6575	0.141954
10253	0.159679
13267	0.138243
2550	0.149428
4743	0.137299
15663	0.143722
840	0.164293
2405	0.163977
13362	0.146052
466	0.137665
19936	0.158452
3027	0.152470
728	0.146738
2076	0.139677
1370	0.152471
1812	0.150225
18016	0.137255
1049	0.139107
14426	0.148517
6734	0.140399
7385	0.137293
14249	0.149140
7238	0.144554
566	0.156108
3010	0.144033
1027	0.138233
5744	0.142964
8606	0.139443
811	0.152769
4890	0.161002
8868	0.163386
6421	0.146682
4510	0.140166
2247	0.144065
17217	0.145853
14919	0.155331
13353	0.141223
11137	0.152697
14109	0.151095
4400	0.138890
1340	0.159334
2110	0.150678
2544	0.151233
16263	0.139285
4028	0.147553
2623	0.155766
602	0.155677
3066	0.153994
4886	0.148246
11478	0.148100
5536	0.139878
12518	0.137759
4256	0.164668
484	0.161440
7495	0.138297
16022	0.144984
18475	0.153778
6291	0.137949
11556	0.138271
11205	0.144442
4454	0.137986
13230	0.153930
1293	0.144621
11336	0.139024
262	0.141891
734	0.138063
15157	0.155758
18089	0.143227
9475	0.143058
6589	0.145761
5554	0.153242
798	0.137648
7673	0.153675
972	0.138958
397	0.150984
4331	0.149018
17585	0.137785
18290	0.152561
12951	0.139590
15332	0.142070
1465	0.150926
2331	0.139777
1055	0.154439
666	0.141294
16964	0.138468
4923	0.159970
17307	0.153142
9446	0.142042
16624	0.144420
16988	0.144617
474	0.145947
9387	0.138001
6409	0.157360
15137	0.143545
181	0.139136
6612	0.138611
2835	0.139923
14841	0.144499
3182	0.140999
13810	0.142468
8151	0.142971
12539	0.139836
3301	0.142584
4736	0.144643
8542	0.144725
5145	0.165763
9735	0.151988
3002	0.139271
9955	0.155320
14944	0.138162
7204	0.148399
581	0.138105
12531	0.152191
5442	0.143694
12458	0.139567
5258	0.152308
3694	0.154571
860	0.140210
6452	0.147361
12287	0.139199
10405	0.150787
14351	0.143598
8510	0.140481
2868	0.148894
18136	0.139629
5453	0.142570
1246	0.138946
14398	0.149443
2375	0.153683
3596	0.146507
2374	0.159772
11381	0.155912
16647	0.156631
18857	0.139987
1470	0.139902
18880	0.152881
15109	0.142170
4007	0.162632
16237	0.146393
189	0.162963
6175	0.158930
6307	0.156003
1226	0.156742
1312	0.143844
16928	0.147640
9604	0.139163
821	0.150470
2077	0.157025
5967	0.142282
3110	0.143536
3432	0.156926
2141	0.142094
3273	0.166555
9311	0.144920
17569	0.151166
1455	0.138725
508	0.150556
1395	0.140958
12197	0.146857
15138	0.152823
3824	0.147376
9191	0.164531
7883	0.149101
5721	0.145033
10447	0.143498
6875	0.147851
263	0.150295
9849	0.145977
8946	0.141258
1147	0.152965
9579	0.152580
9960	0.165410
6548	0.156598
36	0.151946
1262	0.162782
16048	0.138734
19524	0.144751
76	0.149815
17034	0.141678
2568	0.160308
7269	0.152562
7178	0.154995
5481	0.152049
5533	0.140835
19506	0.139619
13363	0.148680
2476	0.141496
4908	0.145103
9185	0.140361
4206	0.162096
16697	0.163343
7229	0.140759
10674	0.139628
9729	0.161786
937	0.163661
5336	0.153221
11743	0.164958
2928	0.162942
2058	0.144602
3643	0.151036
12364	0.139517
19513	0.139179
10512	0.142569
11835	0.152344
8636	0.144284
8822	0.142464
15222	0.141917
2846	0.147293
15899	0.141737
731	0.140023
3411	0.144824
10779	0.143945
10341	0.159379
8738	0.163886
14315	0.142385
3774	0.153066
9047	0.142771
6955	0.153303
352	0.143718
3133	0.139269
1976	0.154926
5247	0.150804
15108	0.139925
196	0.139202
8211	0.144846
5788	0.159636
14965	0.166642
9314	0.150726
786	0.153690
4291	0.158519
153	0.146606
19838	0.164250
7476	0.140740
3641	0.145932
11986	0.145534
11942	0.166365
5342	0.163018
18901	0.153441
2857	0.140853
9449	0.141184
469	0.155263
6899	0.141308
8969	0.160144
17631	0.142991
14597	0.139676
11579	0.150069
10910	0.164269
3412	0.151665
911	0.166512
12371	0.146433
6087	0.160380
19596	0.140252
14051	0.141281
1963	0.145529
18576	0.167067
384	0.146802
7209	0.159719
11595	0.143186
1125	0.149525
6007	0.140748
170	0.145136
14903	0.166246
2015	0.158632
10264	0.165099
7558	0.145056
1217	0.155863
15059	0.143725
3440	0.140898
7917	0.150457
14913	0.163196
14360	0.149143
15662	0.141184
2064	0.141626
11677	0.154508
521	0.140166
3545	0.156935
62	0.149629
5907	0.156935
12606	0.148727
4981	0.140867
8131	0.160318
6924	0.156641
16989	0.145566
7555	0.165785
1691	0.139513
1619	0.156694
15117	0.142603
261	0.154389
1481	0.152343
611	0.143125
12213	0.155232
6909	0.142260
16811	0.148157
18771	0.150034
10390	0.143738
19809	0.143538
16058	0.149933
4997	0.151379
14585	0.143197
3922	0.164066
10687	0.163318
12972	0.140540
1998	0.143920
7616	0.146045
18996	0.143172
15742	0.146498
3673	0.162725
2521	0.139970
8897	0.164747
3465	0.143592
2115	0.143059
10477	0.152153
9798	0.145151
3433	0.143183
3713	0.164553
18682	0.142701
4446	0.142884
1192	0.161789
11958	0.155036
18407	0.150066
1925	0.158315
14149	0.155893
16471	0.166447
2369	0.147933
11713	0.157611
54	0.148608
15949	0.145612
403	0.145448
4920	0.140497
8923	0.151479
3046	0.148309
12243	0.148699
13618	0.156995
11046	0.146888
9999	0.155203
9961	0.149939
11521	0.161137
3681	0.154921
3830	0.163841
766	0.166827
11390	0.152478
10885	0.144683
16274	0.158176
12708	0.142055
16680	0.160902
3635	0.140688
13120	0.141005
1716	0.164782
9014	0.141738
524	0.158150
5083	0.143127
2740	0.147377
10938	0.146553
1736	0.150703
1709	0.162179
13924	0.149897
1381	0.150564
2605	0.147590
5931	0.163756
1570	0.163050
142	0.141700
4574	0.140574
4159	0.149896
16766	0.142951
8661	0.143320
624	0.145524
7967	0.155535
7740	0.155509
14479	0.146584
6502	0.159597
15344	0.151611
9504	0.141998
4231	0.153093
15761	0.160346
8331	0.142412
11428	0.165519
417	0.147609
8060	0.141771
5948	0.163308
17119	0.151411
14273	0.143389
7072	0.148314
11276	0.146523
9811	0.144682
4775	0.140438
11122	0.149935
14067	0.167023
796	0.146496
18462	0.163390
14445	0.162567
5980	0.152302
16886	0.155436
16933	0.143505
8179	0.147064
1079	0.141303
13420	0.155885
3654	0.141132
1505	0.141221
6832	0.150438
11662	0.141596
10077	0.152350
2972	0.141135
1190	0.163361
14637	0.141973
11558	0.145954
4053	0.164130
5293	0.160511
18851	0.145847
23	0.145235
10394	0.141930
4835	0.156920
141	0.153194
11555	0.147617
4063	0.153907
11759	0.149416
14403	0.140768
18970	0.158492
1694	0.154713
9086	0.146494
19531	0.158342
312	0.153465
5234	0.148490
10608	0.164478
7032	0.143749
4804	0.154310
15393	0.143127
5147	0.160906
7243	0.141755
313	0.145662
4633	0.152659
12875	0.145002
6256	0.143092
4958	0.154430
1378	0.155220
15643	0.152646
5600	0.142527
10557	0.144106
3853	0.163838
12277	0.159059
14753	0.162038
1776	0.149569
5151	0.152656
485	0.143183
1617	0.160947
14512	0.143703
5263	0.155331
5513	0.156584
5953	0.150086
2379	0.152572
8561	0.143827
4010	0.142980
10467	0.156485
9591	0.156880
2154	0.145230
938	0.163909
11711	0.142153
18196	0.156712
4617	0.142472
12769	0.163762
436	0.151586
4024	0.165443
9594	0.165308
16018	0.155745
2762	0.163096
739	0.167073
19006	0.146720
13074	0.165013
12813	0.161951
2453	0.150623
11280	0.143875
17803	0.147357
19360	0.145331
18209	0.166945
15588	0.144191
2591	0.146916
11051	0.153000
915	0.144300
7305	0.142690
8200	0.155483
1931	0.156693
1138	0.156764
3354	0.148529
6418	0.141661
544	0.147392
4624	0.161683
14156	0.166716
9321	0.158166
3407	0.144285
1101	0.163196
8920	0.151565
16785	0.158013
3206	0.150264
6567	0.150731
10133	0.141618
698	0.146555
1975	0.159824
4787	0.143005
8229	0.154608
13107	0.155277
18156	0.143862
3444	0.148846
12418	0.150865
5168	0.160607
6354	0.156412
2084	0.158512
17508	0.151386
5036	0.150106
6392	0.155742
1258	0.164712
5223	0.149387
16530	0.156016
16706	0.142662
14713	0.149840
10740	0.154251
17416	0.155020
13360	0.144786
2645	0.154860
4790	0.155983
6751	0.148002
318	0.166751
15548	0.161857
8605	0.151356
1713	0.141695
13020	0.150245
19805	0.150145
13287	0.160882
12565	0.165245
14013	0.144646
7875	0.156027
10148	0.146146
664	0.156266
15302	0.143059
3784	0.146784
17364	0.152960
11327	0.147028
11562	0.150151
339	0.158018
3060	0.146235
105	0.141919
18766	0.149137
718	0.167016
9210	0.145736
9107	0.141946
6861	0.144169
1829	0.152776
1698	0.159181
1734	0.143236
2288	0.147379
16480	0.143105
17158	0.149803
2752	0.163123
1861	0.142705
4201	0.162117
5592	0.165726
13681	0.154432
3496	0.144108
1304	0.159234
14210	0.147508
10163	0.144064
12030	0.158415
10186	0.152868
12585	0.144248
7134	0.151025
2056	0.158148
753	0.154659
3516	0.145278
16906	0.148791
1904	0.146266
6181	0.153007
162	0.143496
7401	0.144645
19852	0.145089
18442	0.142077
908	0.149801
15028	0.150122
1915	0.148442
4906	0.151753
4552	0.145868
1522	0.164221
2044	0.166218
5936	0.152015
2407	0.145269
8029	0.159912
2242	0.158135
6082	0.146440
11623	0.143468
17963	0.144754
12095	0.160015
19500	0.144373
12730	0.152362
2701	0.159007
4674	0.145928
3975	0.159971
6675	0.162749
5618	0.164230
7287	0.148368
11377	0.152211
8079	0.161732
15203	0.146984
16212	0.164126
16513	0.166177
9834	0.151224
272	0.145552
10560	0.158141
7461	0.147031
11596	0.165706
5954	0.150225
16415	0.145769
1454	0.142446
713	0.158481
12211	0.161825
2553	0.154665
346	0.149653
15762	0.149831
3863	0.158164
16504	0.144050
2026	0.146754
6343	0.146844
321	0.151641
8551	0.151106
683	0.144463
8177	0.142935
13190	0.145831
981	0.142825
17059	0.145397
19754	0.162905
17099	0.156595
5220	0.143484
1769	0.147479
4044	0.166788
10402	0.145800
4304	0.155325
1300	0.144202
12130	0.150513
7196	0.144711
10758	0.164040
12608	0.159383
3626	0.142783
1113	0.165171
10263	0.145900
4815	0.150864
725	0.149235
3167	0.155495
19854	0.145347
421	0.158999
14468	0.157402
2595	0.146373
1851	0.161762
15993	0.150181
3633	0.148384
2992	0.145152
8971	0.144456
946	0.156250
1268	0.160822
1083	0.158302
5880	0.156656
14911	0.143517
1282	0.160574
7916	0.157675
959	0.155300
17809	0.147626
3118	0.160410
6002	0.143081
6116	0.151505
10446	0.159784
2190	0.163566
13411	0.147544
4109	0.150128
11348	0.146852
8336	0.143046
19164	0.144506
7367	0.147077
3107	0.152806
465	0.162896
2228	0.145316
4588	0.145524
3335	0.147092
18859	0.147546
18350	0.156968
1870	0.143056
16927	0.149492
9686	0.152312
2393	0.164603
11846	0.162365
7069	0.144001
19279	0.163955
19972	0.166595
5722	0.143130
17068	0.159916
4952	0.144530
2385	0.165009
1487	0.154137
1873	0.155474
16909	0.160905
16370	0.154436
7234	0.160130
3388	0.163554
7397	0.145232
14756	0.160068
2362	0.143747
3536	0.153024
1124	0.160014
3183	0.149761
8638	0.145951
17663	0.162284
2926	0.147644
17526	0.152490
6365	0.146096
2216	0.144066
9843	0.165912
367	0.161425
6171	0.144186
11594	0.165532
12283	0.144029
2910	0.166516
1364	0.158142
2136	0.150308
2052	0.144959
11708	0.152564
5759	0.151980
11973	0.160579
11658	0.145552
387	0.149644
5154	0.150660
19054	0.152578
19944	0.157103
6796	0.144856
10005	0.163105
8791	0.150192
16947	0.150062
13434	0.160115
11834	0.145327
511	0.146692
8342	0.143930
3240	0.157284
14330	0.160280
4497	0.154375
15146	0.160513
1067	0.145007
19053	0.151546
13235	0.160557
3030	0.150987
2489	0.144986
1911	0.146350
13103	0.163104
2145	0.150066
7040	0.160388
3548	0.147283
132	0.152507
10365	0.151739
10601	0.155387
11554	0.166048
19151	0.147440
10924	0.149203
1738	0.161692
1396	0.147630
14670	0.148230
3598	0.162383
5634	0.146069
2869	0.147509
17888	0.151219
437	0.159171
1868	0.164473
11855	0.163885
4882	0.161434
13658	0.160887
18075	0.163480
3319	0.145751
7962	0.152920
5479	0.151604
17257	0.145058
12192	0.154579
164	0.165295
19781	0.149806
2582	0.150080
9166	0.155130
3895	0.145982
1107	0.146470
16160	0.147497
380	0.156653
16998	0.144104
14232	0.146039
6647	0.157004
18042	0.166958
10539	0.161624
18819	0.150421
197	0.162626
3919	0.148753
12163	0.165525
8348	0.148232
294	0.162763
7404	0.155239
4430	0.147739
8266	0.150354
237	0.154227
779	0.144115
883	0.153645
12856	0.150083
10080	0.159916
16240	0.155551
16619	0.165796
7638	0.152655
16116	0.149192
18755	0.146391
5811	0.144603
3611	0.155542
1717	0.152269
7921	0.158267
11199	0.153501
10119	0.155142
6500	0.155520
7465	0.158272
13470	0.160170
5131	0.144310
5870	0.162360
5033	0.160650
15047	0.152873
7992	0.164144
11491	0.158998
12649	0.160381
9939	0.145574
13083	0.144710
12359	0.156807
13443	0.146484
18666	0.151087
5659	0.147290
19607	0.148658
7786	0.148223
6934	0.145824
3146	0.154201
1666	0.164897
654	0.150983
11966	0.148905
409	0.151373
11974	0.163073
8458	0.150888
15734	0.163712
19877	0.161151
1891	0.150061
195	0.156775
12450	0.146861
1533	0.158457
9641	0.156926
11649	0.165036
2290	0.158918
14191	0.147428
3702	0.144661
16020	0.161145
8444	0.148900
4612	0.153480
5854	0.145201
9332	0.161849
8188	0.165854
1901	0.161893
1511	0.162809
631	0.162679
7619	0.154644
4642	0.145212
18438	0.159138
16802	0.152819
3907	0.145614
226	0.155865
3343	0.145129
18647	0.158138
11953	0.159400
5063	0.152012
6037	0.152722
5665	0.165122
2059	0.155070
11625	0.167076
2885	0.160977
9856	0.155118
11876	0.148478
751	0.144871
9833	0.156556
13375	0.155166
9573	0.161358
10953	0.159284
3332	0.145087
4889	0.149112
298	0.163366
793	0.156398
13884	0.149102
3513	0.163124
7161	0.161461
100	0.162926
4517	0.150310
15739	0.159285
6768	0.157265
3797	0.159835
14258	0.154560
6196	0.151218
13955	0.149427
11014	0.149186
3889	0.162003
2289	0.149146
4928	0.153340
11411	0.145139
90	0.158918
5268	0.155869
7726	0.161591
6114	0.146575
6945	0.158171
8270	0.155047
1424	0.155285
11059	0.153260
13626	0.155279
13202	0.146674
14616	0.147534
2542	0.148894
1788	0.165554
191	0.166539
2471	0.146166
10492	0.151118
1706	0.149246
416	0.160980
14274	0.159332
13136	0.154834
18422	0.146560
5031	0.149360
127	0.163030
2309	0.145417
17386	0.160094
11503	0.145468
10064	0.155313
11445	0.146647
2358	0.164357
18858	0.145846
12431	0.159328
2763	0.163013
16752	0.146727
6799	0.151495
1320	0.145411
220	0.161322
10445	0.145634
15724	0.145810
15537	0.146580
5243	0.146170
799	0.147645
19612	0.154900
6361	0.152742
12821	0.147063
18958	0.161054
11440	0.148547
8436	0.159754
4758	0.160034
17698	0.155565
6493	0.155302
874	0.152340
613	0.146558
78	0.157703
675	0.162720
14550	0.157424
13558	0.145605
14086	0.148496
5110	0.147422
575	0.146438
2424	0.161541
12461	0.155735
885	0.162200
10362	0.153069
4979	0.163910
12849	0.153676
9839	0.160687
6946	0.163207
3191	0.146319
18694	0.158333
4179	0.162137
8965	0.161673
4393	0.147689
7739	0.158009
18065	0.147975
8995	0.160433
7598	0.164575
19314	0.148633
204	0.152133
7487	0.159018
274	0.160777
15669	0.149090
13141	0.151935
6791	0.157625
2321	0.160628
10751	0.152300
12796	0.160894
10722	0.166582
11785	0.146037
15178	0.146053
17173	0.148321
18796	0.158954
1007	0.160647
11570	0.148079
8534	0.151977
13150	0.166210
11302	0.153404
19313	0.161152
159	0.155157
1010	0.152941
7830	0.147102
7958	0.150394
2198	0.147825
15555	0.153033
15334	0.147483
1048	0.151477
4911	0.157354
14473	0.150191
13920	0.162420
6857	0.162056
15743	0.152381
487	0.161889
5575	0.154065
18299	0.166353
9226	0.159686
4888	0.160642
3435	0.163781
17870	0.156868
1544	0.154304
2629	0.161452
7166	0.164634
3447	0.151769
768	0.166397
8787	0.154452
14131	0.146448
6782	0.158334
9412	0.159377
4353	0.147034
14329	0.153903
902	0.164734
12871	0.151018
773	0.163756
8989	0.156353
8568	0.146953
3213	0.146559
10325	0.151500
19157	0.158102
18764	0.162832
6091	0.162037
1236	0.147190
4117	0.148339
15747	0.155014
18296	0.155859
452	0.166870
4986	0.146762
6685	0.148407
10565	0.162449
16304	0.156947
4998	0.153081
2543	0.153954
19544	0.152848
9978	0.146774
7373	0.147284
11909	0.148091
3833	0.161664
4576	0.158051
5602	0.151748
377	0.161564
6126	0.149077
11093	0.150268
2423	0.166746
8201	0.147817
9717	0.152759
3163	0.165745
16269	0.165221
8583	0.156936
2905	0.146830
4827	0.159747
5362	0.151683
19198	0.156849
12264	0.156004
10632	0.151688
5197	0.156068
13841	0.147446
9015	0.150256
6778	0.148114
19947	0.151684
4618	0.153205
5413	0.150969
14262	0.147549
9432	0.163080
2121	0.158715
251	0.156222
1271	0.165632
14774	0.149374
3612	0.158674
8132	0.150976
10400	0.154028
11634	0.166714
14503	0.151363
1819	0.158122
2985	0.152688
6274	0.161340
2036	0.153211
969	0.153815
13261	0.149246
2930	0.160705
3074	0.149714
4439	0.148745
17303	0.154645
10737	0.151191
13033	0.157461
7327	0.160123
13875	0.164840
10807	0.155310
10550	0.149937
6085	0.166125
2500	0.158594
2616	0.150167
11565	0.164296
12703	0.151600
529	0.157301
5215	0.154445
10813	0.149799
573	0.147128
10010	0.155780
4067	0.153035
1120	0.159788
9076	0.158596
6429	0.147866
1220	0.150795
15930	0.159397
3104	0.148123
2348	0.152562
8205	0.151560
4975	0.163480
6538	0.156960
9323	0.155076
546	0.163396
17931	0.151011
17956	0.166842
547	0.152867
12771	0.164107
13964	0.152186
2644	0.157964
1042	0.152839
14085	0.154251
933	0.164089
7940	0.164665
9009	0.160784
7103	0.150618
2021	0.148864
7655	0.155276
758	0.153997
4541	0.166910
1991	0.147257
7486	0.157334
2916	0.147681
15375	0.152575
17448	0.153926
4653	0.157318
1161	0.150738
12575	0.158624
4821	0.155054
5878	0.156231
7602	0.163742
4993	0.150768
10718	0.163006
3963	0.166297
15190	0.156497
3915	0.151558
11502	0.161739
12314	0.147781
13462	0.155286
4900	0.156563
13615	0.156984
4441	0.157113
18233	0.147770
16743	0.156765
880	0.151939
2100	0.154058
667	0.153069
4878	0.152082
2219	0.157548
9865	0.167072
13568	0.148075
5489	0.150470
388	0.151263
2574	0.156375
4625	0.149215
17431	0.157639
17789	0.150487
15307	0.147796
6854	0.159063
15040	0.148505
425	0.165589
1752	0.152296
13499	0.149104
830	0.151675
18759	0.159143
7747	0.154001
1994	0.167025
5753	0.153439
13455	0.150547
6568	0.153859
1393	0.152201
1745	0.149236
10523	0.148861
9010	0.152448
19954	0.159129
1160	0.148917
5669	0.152658
6471	0.163972
18498	0.149720
3108	0.149472
17944	0.147547
1816	0.165708
10159	0.152458
19384	0.160052
7341	0.157486
17850	0.155393
1132	0.156033
3097	0.162236
8274	0.148067
4833	0.151430
3177	0.150477
6810	0.156651
2165	0.156329
6522	0.159989
14447	0.148707
6308	0.151925
9743	0.158065
14946	0.166350
9657	0.149348
110	0.151290
12222	0.149039
5377	0.163012
4327	0.161742
235	0.149449
2662	0.163181
4904	0.160302
4248	0.155756
4546	0.154481
1701	0.149379
4047	0.166102
993	0.158155
69	0.154436
3685	0.160062
10620	0.152658
4735	0.148209
17151	0.152119
1245	0.161147
8778	0.149908
4924	0.159085
11337	0.148440
1932	0.153386
16171	0.155408
5195	0.163010
2854	0.159626
3705	0.163534
1090	0.154184
13675	0.154125
6481	0.155201
19790	0.151389
19693	0.148726
4976	0.152156
2751	0.148708
3737	0.148440
15536	0.156590
2394	0.163242
9414	0.149725
29	0.157320
17186	0.153477
17884	0.150504
6586	0.149189
10548	0.148604
3436	0.155913
5189	0.150673
10760	0.149051
2991	0.154851
13559	0.162057
4779	0.166560
2816	0.151046
7403	0.149335
6674	0.158801
9973	0.153124
517	0.149629
10741	0.165531
18450	0.149173
11095	0.154769
7141	0.152199
12787	0.155422
5317	0.160773
2040	0.158908
16158	0.157730
14603	0.150628
10690	0.158727
7115	0.152839
8006	0.157510
6806	0.161302
3223	0.164013
11907	0.159358
8272	0.148770
2734	0.150047
17025	0.155370
8922	0.150157
1679	0.152604
4005	0.164811
952	0.155429
8146	0.150029
1532	0.166464
1853	0.148601
6997	0.153338
633	0.152057
16572	0.149276
4740	0.149765
778	0.160656
7354	0.157984
7915	0.152601
17268	0.161018
14401	0.164747
6815	0.160578
338	0.166176
4020	0.161663
217	0.164101
12195	0.164534
9925	0.163976
57	0.158254
14740	0.154305
13334	0.152187
12374	0.165874
8652	0.151174
7049	0.156284
17315	0.164395
12078	0.161410
1224	0.161999
249	0.156642
14936	0.158890
970	0.149584
14811	0.157249
11540	0.159837
1155	0.154705
1724	0.152024
769	0.161232
10284	0.163751
13570	0.160362
4620	0.165889
11249	0.163982
10531	0.158195
8734	0.158663
3573	0.149134
9920	0.155002
6399	0.152798
497	0.165289
8536	0.152014
642	0.156680
9123	0.152237
255	0.152104
4158	0.155196
17539	0.156854
592	0.153611
7135	0.162697
269	0.156506
6735	0.161939
1255	0.165736
4656	0.158341
19699	0.154234
14206	0.165342
1879	0.162939
13410	0.150021
5107	0.150759
13200	0.157407
14145	0.150205
2496	0.155304
767	0.149871
10408	0.159822
538	0.162801
17413	0.157698
2316	0.163706
16207	0.162137
3982	0.149735
19370	0.159432
4671	0.162454
1639	0.150973
244	0.151247
5052	0.150082
3787	0.152924
1218	0.162165
11883	0.152977
9785	0.152016
7677	0.158846
16247	0.159318
8682	0.150527
5983	0.158867
3013	0.159976
816	0.154999
504	0.154826
2586	0.154176
10289	0.154720
2485	0.153155
561	0.152397
2994	0.162123
14348	0.165059
4469	0.156739
2915	0.153767
6645	0.162017
13294	0.149849
3935	0.161728
11755	0.150197
5747	0.149569
2399	0.156226
149	0.166820
18235	0.159188
3577	0.158414
11673	0.165413
1354	0.166978
3091	0.150067
16377	0.154519
8640	0.158178
1273	0.163422
6944	0.165685
3967	0.161861
14132	0.151106
17179	0.161334
3285	0.155196
1720	0.150957
19268	0.154063
1037	0.166771
2234	0.157437
16520	0.157609
19894	0.160580
8912	0.163576
10046	0.158361
17836	0.159382
5987	0.155707
597	0.156434
15892	0.151075
5836	0.155877
9577	0.161353
951	0.159425
16551	0.166311
12628	0.160171
7010	0.152433
12476	0.156991
13258	0.153526
19498	0.160056
10546	0.157883
1797	0.150859
3901	0.152893
8015	0.156756
1636	0.161837
1559	0.154534
1130	0.162639
1608	0.155935
9914	0.163269
5906	0.149724
8632	0.155834
15439	0.153487
3628	0.156698
6590	0.159923
945	0.156762
10840	0.156187
7449	0.153094
13289	0.166526
10759	0.151794
9491	0.150517
9792	0.153079
18698	0.161172
17685	0.160819
6245	0.162179
268	0.149900
2686	0.154497
17718	0.152718
389	0.160148
14511	0.152007
1421	0.165204
12207	0.154331
1764	0.149944
19074	0.154435
3637	0.153651
5534	0.150278
1317	0.151280
1452	0.165338
9017	0.150622
8910	0.165853
14472	0.150046
584	0.153309
8597	0.154151
7176	0.164485
7768	0.152929
940	0.163192
13926	0.165142
2768	0.154833
5912	0.151757
147	0.162758
3544	0.156816
914	0.162311
1750	0.156770
4476	0.160965
804	0.159257
5075	0.150194
10567	0.150251
2986	0.150418
12369	0.163813
8405	0.152852
9305	0.166568
9061	0.155795
593	0.158721
19113	0.154359
5901	0.159102
14488	0.161803
17156	0.153651
13132	0.153098
11959	0.152162
14661	0.154748
6078	0.152666
2732	0.151026
9684	0.153538
6609	0.150334
760	0.160428
5141	0.162813
6309	0.159876
1661	0.167084
12425	0.151564
5285	0.154541
242	0.163994
267	0.163450
7814	0.164945
11956	0.158858
17485	0.155173
8001	0.162136
904	0.156910
4605	0.164301
7051	0.151035
14516	0.155914
5729	0.156532
3152	0.152808
16564	0.165854
6067	0.151809
10413	0.154327
13877	0.151795
2723	0.154440
1744	0.157984
16119	0.152843
4008	0.165887
464	0.164915
8281	0.160350
2789	0.167102
18043	0.164628
6730	0.156930
550	0.159550
7613	0.158177
13640	0.158111
15467	0.166107
2324	0.165007
1137	0.157319
7384	0.152806
1793	0.155019
4382	0.151116
3703	0.150786
5389	0.153925
144	0.151117
10029	0.164244
9596	0.152862
2080	0.161920
453	0.150741
15416	0.164170
7212	0.160664
10009	0.161568
9401	0.157276
15853	0.151590
5535	0.162912
482	0.152673
4349	0.157996
17314	0.159795
18231	0.153462
3431	0.163581
13721	0.163140
4425	0.158181
2658	0.154324
19485	0.162910
13188	0.157204
15213	0.156471
10556	0.161590
17333	0.157796
17292	0.166329
5232	0.153981
19934	0.161214
19887	0.158008
8573	0.166241
14692	0.160014
11181	0.165752
1121	0.157228
1517	0.156287
19785	0.158801
11164	0.164958
15925	0.160650
4856	0.153544
6197	0.161319
15403	0.153941
10711	0.155958
1123	0.163841
13073	0.162421
14285	0.154833
7446	0.155157
10269	0.166191
1756	0.157897
19020	0.155886
2438	0.166206
4951	0.163351
1186	0.160553
5433	0.154403
12276	0.154762
1735	0.155833
19621	0.155393
5180	0.163803
1082	0.163192
691	0.151865
588	0.157603
17538	0.155616
5450	0.154504
16690	0.158659
7751	0.157592
9051	0.159975
7628	0.162486
7017	0.165143
6428	0.159856
8248	0.151516
17842	0.161580
10981	0.162000
8515	0.151522
5373	0.151737
5129	0.159174
3179	0.155339
12899	0.163474
10288	0.157721
16511	0.166429
16128	0.154055
11892	0.155043
905	0.162356
4604	0.165588
8656	0.156053
8610	0.152447
16257	0.155892
15315	0.152720
7417	0.154200
5363	0.154551
5156	0.152284
13302	0.158450
3852	0.158361
7652	0.163815
13274	0.155054
1890	0.162364
8574	0.153016
4616	0.156722
3669	0.156753
2333	0.166320
10974	0.161485
9046	0.155945
661	0.161432
10614	0.154165
14825	0.165557
4176	0.151830
17329	0.163165
4857	0.167090
7363	0.151663
13536	0.154332
7795	0.157367
2470	0.152839
9624	0.159261
19317	0.153195
2610	0.160269
103	0.161497
9265	0.157282
4051	0.158550
7235	0.161676
4004	0.164615
13588	0.157978
10590	0.163112
10036	0.157240
18291	0.164650
7434	0.165595
10503	0.157603
1725	0.164126
19374	0.155897
5283	0.157368
2277	0.162126
5432	0.153182
4732	0.155670
3392	0.160259
12353	0.160945
5104	0.163198
3823	0.160069
1860	0.153134
1618	0.163342
6153	0.152106
4637	0.160340
15200	0.154732
16142	0.157283
10202	0.158577
6801	0.162587
6017	0.163638
3327	0.160977
8409	0.154932
1771	0.154718
3750	0.152182
3289	0.165420
18657	0.161931
553	0.152503
11128	0.161365
15681	0.154033
1355	0.152078
2982	0.156310
10765	0.162241
8762	0.159397
749	0.152894
4313	0.152912
11271	0.160786
2461	0.153779
1660	0.163207
17081	0.165550
109	0.155698
3977	0.159124
15434	0.162733
2839	0.158988
9572	0.163392
12349	0.156245
10452	0.160013
5431	0.163520
2998	0.162266
1422	0.155510
2025	0.159475
6383	0.153682
7848	0.162291
4171	0.162647
3749	0.161776
8616	0.164215
4819	0.166932
16402	0.152921
4136	0.166054
2625	0.152657
4132	0.153630
15740	0.161802
16429	0.163599
18881	0.159952
13365	0.159392
16758	0.161504
12249	0.160451
1536	0.153325
15145	0.156114
13665	0.162290
4426	0.162390
15172	0.160139
1531	0.154670
17409	0.163380
5212	0.159522
18752	0.152719
17719	0.153769
16104	0.156568
228	0.152989
3829	0.162362
13513	0.157892
10198	0.163912
2659	0.164335
18868	0.152585
2378	0.157079
13591	0.163502
2913	0.158589
2841	0.160764
2997	0.153961
16071	0.162612
2748	0.166327
13939	0.152703
6242	0.152497
6369	0.152912
12872	0.156207
6185	0.154695
18008	0.157243
17334	0.161490
19400	0.162913
16838	0.161030
13459	0.159814
913	0.156755
554	0.162888
14938	0.159243
1248	0.159336
11132	0.152879
12273	0.152956
1678	0.161576
1959	0.166596
6064	0.156319
6459	0.161527
16035	0.158677
12817	0.159884
2166	0.160900
8140	0.156485
1350	0.165283
8773	0.154081
354	0.158626
9457	0.163453
9611	0.163461
6537	0.162640
6896	0.156904
674	0.153596
3008	0.158264
400	0.154994
3563	0.156394
8163	0.160656
4278	0.163661
15490	0.160346
13207	0.156299
2608	0.162540
10028	0.165227
486	0.153867
15030	0.154922
4146	0.160637
13552	0.157286
3220	0.160459
6679	0.165080
1289	0.158527
18297	0.162814
6348	0.155503
612	0.156517
9629	0.161114
903	0.158292
2993	0.153102
530	0.157732
10084	0.162741
14802	0.161786
8109	0.164752
15730	0.159028
2488	0.154432
2101	0.153292
16543	0.154730
15417	0.157785
2337	0.160914
11466	0.160333
2821	0.154863
12795	0.161353
11932	0.153878
18971	0.158861
10124	0.164266
6315	0.159970
9981	0.160462
1530	0.165067
4281	0.153718
4040	0.156323
3485	0.166160
17148	0.163406
7858	0.153069
10225	0.154091
3025	0.153595
10635	0.157348
787	0.162354
15785	0.155414
8085	0.164336
7854	0.159426
99	0.155285
3439	0.154224
4429	0.164672
12170	0.155216
4392	0.158217
10877	0.159686
4112	0.156114
4321	0.160560
12913	0.156922
532	0.154916
347	0.155848
11107	0.164999
1115	0.160188
10449	0.156927
6151	0.156581
13947	0.158787
6988	0.159496
13974	0.162017
6573	0.154093
1688	0.154249
15851	0.162117
5541	0.154941
2344	0.153456
10699	0.164126
13105	0.165949
3867	0.156009
5117	0.156219
15864	0.153484
17356	0.155210
8782	0.156222
11384	0.158752
5294	0.159183
12633	0.163968
9555	0.165467
12186	0.154931
604	0.166944
1361	0.155638
9807	0.166322
560	0.154536
723	0.165378
7799	0.162625
5838	0.158345
19703	0.155923
3165	0.154312
8641	0.153997
16121	0.164554
18818	0.166076
792	0.161001
764	0.154505
3782	0.160883
9433	0.161964
4912	0.160117
18562	0.155012
963	0.158571
7900	0.157663
2851	0.155582
14885	0.166389
4761	0.155607
865	0.164162
1089	0.167096
8364	0.166304
4182	0.154133
1558	0.164221
15840	0.161399
7081	0.162615
157	0.155681
5018	0.153977
15499	0.160723
7330	0.163679
897	0.156372
15410	0.166730
9536	0.153965
16580	0.163811
19192	0.163614
4918	0.160761
1243	0.166671
14994	0.158218
14746	0.164781
9887	0.159644
7674	0.164702
9007	0.161086
13886	0.160233
11024	0.164194
11683	0.161592
5848	0.162865
4	0.165283
6271	0.154795
4892	0.165645
12052	0.166347
11144	0.165636
9679	0.155855
4511	0.163822
2689	0.164538
8711	0.166783
13515	0.162968
10497	0.166722
3479	0.154556
9871	0.160861
5001	0.158019
15976	0.160939
14228	0.154623
10519	0.154753
1662	0.158147
15053	0.158269
8371	0.162489
1409	0.160556
12297	0.166425
1313	0.160671
15983	0.158286
8758	0.159950
5591	0.154549
13781	0.156267
5101	0.165877
701	0.160932
2232	0.157045
1014	0.156931
1221	0.158352
7398	0.164946
15479	0.163598
11418	0.156629
10088	0.161995
4134	0.157739
7112	0.163611
2433	0.164024
13286	0.164700
6362	0.156177
3660	0.156619
5060	0.160587
18491	0.155950
4537	0.161862
5881	0.166583
14681	0.156877
16146	0.164705
18186	0.156065
17655	0.161022
19728	0.166082
14238	0.157216
3241	0.158495
896	0.161100
5918	0.159741
12481	0.166079
10421	0.166064
539	0.160957
17408	0.155974
18083	0.158545
15587	0.163067
17738	0.164664
929	0.162533
17101	0.157436
10398	0.156546
2946	0.155015
9781	0.165387
378	0.158882
2070	0.156902
1946	0.161512
2421	0.160755
17289	0.165215
5139	0.154460
9145	0.160245
15095	0.159004
19842	0.154397
4155	0.166678
7973	0.163797
5230	0.157909
11593	0.167116
4427	0.158177
411	0.162660
16045	0.165966
15414	0.166046
5882	0.158026
3634	0.159558
7664	0.166377
2888	0.156115
4357	0.160109
15025	0.163922
4682	0.161976
10893	0.164787
213	0.157628
8983	0.161643
18375	0.167038
19521	0.167086
8689	0.161254
2664	0.154964
10249	0.157501
4355	0.165200
12269	0.166458
285	0.155906
8817	0.160939
17017	0.165566
2353	0.157778
807	0.158048
12438	0.158840
6709	0.164433
6721	0.165132
16735	0.158454
11682	0.165969
5773	0.164625
8604	0.156921
6915	0.156030
9184	0.159845
14064	0.157109
7727	0.161573
1252	0.160872
13321	0.156298
14294	0.165985
11666	0.157397
5984	0.157383
10169	0.156400
7507	0.155526
8508	0.158228
18673	0.154797
11606	0.165371
14167	0.164700
472	0.160465
4615	0.162827
520	0.164898
18409	0.157176
836	0.163164
8346	0.163457
14049	0.156781
2336	0.155389
8517	0.163484
2251	0.155281
8529	0.164344
5382	0.164471
5042	0.157480
8571	0.164199
17291	0.155941
9250	0.162513
13676	0.165290
5056	0.159510
11648	0.166086
17258	0.165487
9383	0.159698
3484	0.161637
15162	0.160953
3205	0.155329
3389	0.160309
19505	0.159836
310	0.162024
3063	0.162737
2690	0.164425
3664	0.157512
13933	0.159870
3549	0.161134
18515	0.160137
1274	0.159315
7888	0.163659
15122	0.159527
6353	0.166644
3775	0.155531
3378	0.155242
2131	0.156167
2028	0.166508
7491	0.164134
4066	0.162468
19618	0.157422
12828	0.155113
18987	0.161769
1292	0.159405
9473	0.160071
6505	0.158793
16589	0.165143
5817	0.166883
875	0.155563
11957	0.157900
18229	0.161134
1211	0.159696
1270	0.159174
2002	0.156648
1043	0.158501
18986	0.161091
3443	0.165644
3278	0.158145
6850	0.161111
2879	0.163194
14127	0.158417
4916	0.160532
5891	0.165605
15220	0.167010
18560	0.165372
2923	0.160780
2140	0.163697
6050	0.166295
3265	0.163266
6907	0.162186
7929	0.166614
11778	0.162077
6320	0.161041
2949	0.160919
9952	0.165267
4057	0.158783
3818	0.162488
9921	0.165411
4026	0.163899
2711	0.157232
232	0.158883
14612	0.162989
7282	0.163801
16292	0.155990
1135	0.158352
3195	0.162427
8539	0.166274
19555	0.161155
1770	0.155622
4465	0.163867
2078	0.158508
18198	0.163514
15928	0.156426
845	0.164777
17146	0.162297
14095	0.162649
16523	0.156348
14589	0.159914
1196	0.158753
7319	0.166340
5787	0.166927
13902	0.157703
11685	0.155739
15553	0.162663
12168	0.164116
5050	0.158890
10479	0.165358
12417	0.156020
4453	0.165955
3665	0.161325
3731	0.165582
8798	0.160155
17022	0.164495
3974	0.160394
5909	0.156740
9262	0.156160
2709	0.157946
3125	0.160905
12983	0.157895
537	0.157510
18228	0.157435
19909	0.161727
14168	0.159270
1397	0.161114
12713	0.161039
13229	0.164265
10561	0.155876
12773	0.158948
6426	0.165754
19583	0.162259
14324	0.155879
14065	0.165236
9471	0.155957
10780	0.156942
10089	0.159837
1595	0.158323
2589	0.165179
5674	0.157021
15096	0.163457
13704	0.158398
4744	0.160194
1939	0.166435
19795	0.156184
10343	0.161151
4271	0.157229
3048	0.160221
8767	0.164494
9033	0.156768
6166	0.164156
17712	0.162045
8559	0.163152
10781	0.159969
11885	0.161318
17269	0.166371
6134	0.157975
2085	0.156802
14846	0.163162
1039	0.159993
11599	0.165392
3861	0.160849
18729	0.161869
3565	0.163481
303	0.160633
585	0.161121
8082	0.161534
19343	0.165054
15368	0.156608
3579	0.167085
12833	0.162541
11116	0.161249
17116	0.158263
1747	0.165041
11676	0.160280
222	0.159529
1400	0.164990
19351	0.159194
18849	0.156608
12346	0.162720
14034	0.157952
6719	0.163778
18346	0.165540
15362	0.156921
2772	0.161538
7154	0.160362
2722	0.164150
5622	0.160205
13436	0.159276
13858	0.157316
3219	0.157769
3271	0.166616
2253	0.157198
9517	0.160339
680	0.159474
906	0.158571
11399	0.157136
16616	0.156575
1000	0.160560
9683	0.157998
3638	0.162072
4525	0.166789
14230	0.160014
16279	0.164773
1564	0.159673
18910	0.164191
4230	0.164859
17015	0.157368
3102	0.157304
682	0.159080
16867	0.164851
11006	0.164872
2523	0.158548
137	0.163097
3748	0.166537
5922	0.161432
9104	0.161761
2554	0.159846
8613	0.159138
18056	0.165953
11159	0.156550
2840	0.157288
519	0.161822
15655	0.159869
10251	0.163957
1712	0.162159
19298	0.164566
2533	0.156833
15659	0.162488
4195	0.157165
13668	0.163016
3989	0.158233
12577	0.158860
1219	0.160459
241	0.162912
6163	0.157150
3269	0.157077
6358	0.166236
7901	0.158396
10692	0.164609
5421	0.166656
8061	0.163323
806	0.160340
1387	0.160143
13079	0.164702
18963	0.163333
14177	0.157945
15709	0.160730
14038	0.158777
8088	0.156983
4754	0.158555
2370	0.156846
15365	0.159557
306	0.166085
5391	0.156919
4676	0.162587
3295	0.164404
2696	0.166461
4590	0.164054
9650	0.162581
4186	0.157907
13386	0.158886
16841	0.165740
3949	0.159503
13067	0.157053
2415	0.159013
6654	0.163545
14088	0.165784
17326	0.166902
1916	0.163523
12912	0.157179
18337	0.164431
11678	0.162728
4721	0.162593
13702	0.157711
9293	0.158937
16563	0.160305
3838	0.159100
3092	0.163020
16059	0.160279
18625	0.160875
3506	0.159948
3765	0.162239
1152	0.165103
462	0.157353
2406	0.157717
1242	0.163618
1469	0.158071
4250	0.161669
5364	0.166899
18479	0.161909
6325	0.158076
12932	0.159164
5947	0.158964
8812	0.162854
4555	0.158310
2807	0.166127
7382	0.165768
5675	0.158213
5468	0.164512
18335	0.161514
11788	0.167031
1053	0.158087
5307	0.159847
16259	0.166208
9703	0.157416
14843	0.165793
6917	0.160008
587	0.157646
16364	0.166952
12483	0.159705
7660	0.158095
670	0.159262
10171	0.164613
7834	0.161906
6668	0.164200
1151	0.159148
11402	0.166627
7804	0.161676
18571	0.162655
7498	0.159092
18072	0.160903
8830	0.160027
4609	0.158095
13780	0.161680
5289	0.166564
12740	0.160568
1603	0.162335
6278	0.161577
2904	0.161633
18687	0.166317
16717	0.161744
12445	0.161851
10562	0.159400
5014	0.165773
2688	0.161501
11230	0.163021
6652	0.164490
18332	0.157667
3671	0.161350
4288	0.159076
2126	0.166684
17797	0.164538
5310	0.164700
2450	0.162070
190	0.160022
12663	0.159584
9470	0.157874
7332	0.162255
13456	0.159028
5352	0.158626
1044	0.162482
3580	0.161860
18314	0.162200
14091	0.164390
2790	0.160496
8433	0.164504
10774	0.166999
12863	0.163082
17737	0.164309
2962	0.166823
15723	0.157927
14140	0.166596
7425	0.165157
3588	0.160759
2647	0.162077
5486	0.162826
7551	0.163851
8891	0.161331
13660	0.164609
16478	0.161846
17425	0.160342
9971	0.160284
2473	0.162836
17041	0.160973
15497	0.158542
17090	0.159600
1129	0.158062
7961	0.158263
10478	0.164111
2792	0.165665
8053	0.160235
370	0.161772
3510	0.160280
3690	0.165167
15584	0.159538
19109	0.162075
11501	0.165952
14444	0.158082
9439	0.163446
4125	0.161148
8257	0.164316
18023	0.164168
8925	0.158616
16670	0.163204
727	0.163098
2252	0.165182
13330	0.162963
7988	0.163719
1889	0.158763
13856	0.165838
4848	0.165662
18263	0.162527
8622	0.158486
11242	0.159096
4728	0.161118
4792	0.158241
18457	0.160118
6829	0.165676
5381	0.162808
15009	0.163827
3277	0.162757
15630	0.160126
8138	0.163249
4756	0.165688
7298	0.158801
2310	0.159386
835	0.166951
3884	0.162662
8487	0.161480
3282	0.161341
8241	0.167102
6990	0.158431
10461	0.163706
5549	0.166072
2209	0.161902
3290	0.164746
5359	0.164422
4322	0.158482
12653	0.163791
8408	0.162285
5610	0.159293
15833	0.160604
6229	0.159447
13251	0.164222
6190	0.164399
15603	0.166472
13504	0.161242
3876	0.164558
14554	0.161122
8279	0.159593
2048	0.167088
16779	0.158583
18955	0.158685
19378	0.160098
5260	0.158675
8820	0.159405
19938	0.162180
10252	0.162210
1671	0.161175
19158	0.159758
15737	0.161618
850	0.158768
14046	0.165638
1063	0.159879
11589	0.164101
827	0.164798
13014	0.160094
16598	0.166447
765	0.161135
1321	0.162639
11526	0.166916
3067	0.159061
2996	0.162357
5333	0.161002
2877	0.159899
7744	0.162195
16133	0.163439
1798	0.165319
14271	0.161595
16298	0.166400
314	0.158918
9637	0.159714
15248	0.159308
9245	0.161203
13204	0.161654
7089	0.165769
13342	0.160100
7323	0.160272
2848	0.161954
4925	0.159465
3287	0.160447
6275	0.165223
10106	0.159858
7759	0.160451
205	0.163955
6142	0.159730
18555	0.163505
15772	0.163900
12605	0.165793
953	0.159177
12228	0.159637
10902	0.162533
5709	0.162244
1019	0.165169
5644	0.160994
4088	0.161384
12978	0.164098
17043	0.160346
438	0.166468
2779	0.166886
9160	0.166687
15105	0.159223
841	0.166066
16701	0.160386
5503	0.163626
14019	0.163577
9035	0.163649
17529	0.165155
1446	0.163781
8072	0.162398
3095	0.161237
3561	0.158968
11018	0.161445
1052	0.161469
6008	0.163331
12358	0.165574
6268	0.159065
1500	0.165914
655	0.160814
5748	0.164865
1513	0.166862
3212	0.165715
7851	0.162571
8390	0.165025
17920	0.162504
16316	0.159252
14317	0.160637
3452	0.160355
3734	0.166795
6770	0.160463
11026	0.162398
6377	0.159239
13567	0.162641
17506	0.164505
15329	0.159859
19829	0.162900
10789	0.160101
14061	0.167010
2708	0.160083
19141	0.159378
7859	0.163306
4919	0.162576
7340	0.164657
12890	0.161331
13056	0.159749
14237	0.160925
18785	0.165671
10506	0.166617
6165	0.164768
4613	0.164352
7991	0.161529
13049	0.160594
12755	0.164838
3451	0.159344
330	0.162594
16858	0.165433
3262	0.166478
6327	0.162179
2069	0.164479
13153	0.161007
5871	0.165820
17768	0.161193
5683	0.162384
18226	0.163407
376	0.161273
3625	0.163780
18126	0.165484
4282	0.167015
10933	0.159580
576	0.164658
17392	0.160206
3916	0.164115
13899	0.162227
2468	0.165884
19342	0.166353
1830	0.161399
8498	0.161446
1922	0.163482
1277	0.163287
8406	0.163671
8945	0.163223
16448	0.160405
11195	0.164350
19951	0.162381
6517	0.166862
9134	0.160035
12507	0.161686
7428	0.166334
5024	0.164315
6084	0.160924
13040	0.162284
324	0.164514
6994	0.164234
1068	0.160247
1525	0.162249
1418	0.166664
13179	0.160099
19841	0.164130
10213	0.163457
3986	0.166830
11989	0.165802
10650	0.163427
15585	0.166129
17519	0.165274
7352	0.163623
3330	0.166799
1250	0.160948
12307	0.161703
9537	0.162510
2742	0.162988
13722	0.166651
10853	0.166893
3400	0.164597
14081	0.161413
402	0.164224
867	0.160031
17821	0.166889
8953	0.165637
1309	0.161487
7288	0.161332
7871	0.166116
10332	0.164683
17523	0.166505
2977	0.166775
724	0.163982
2684	0.160615
11306	0.164726
4534	0.163943
7048	0.161242
5809	0.165792
2342	0.164599
16487	0.166205
15535	0.165068
3517	0.162408
3699	0.160812
1406	0.163140
5764	0.161282
13399	0.164391
18683	0.161243
6319	0.161871
9371	0.166295
18489	0.165466
17215	0.162366
1493	0.164162
2305	0.160055
4709	0.160068
7965	0.163235
12116	0.166327
9991	0.160947
5411	0.162812
14430	0.162025
19264	0.160102
10083	0.166228
19348	0.160264
1674	0.161950
2791	0.164575
7355	0.161818
12900	0.165075
4472	0.160972
18805	0.166007
17974	0.163490
4046	0.161984
11498	0.161051
9093	0.165591
37	0.164234
1036	0.161622
4157	0.163520
5238	0.165601
6200	0.161863
11679	0.161671
13523	0.163886
9106	0.160734
4135	0.162849
14080	0.164706
2995	0.160548
11827	0.160948
14139	0.165365
4217	0.160870
6968	0.160544
18760	0.160775
18988	0.164404
3099	0.160876
17628	0.163095
722	0.162600
12118	0.162400
2477	0.161952
5926	0.162397
17046	0.162747
19242	0.163835
5885	0.163307
2315	0.162447
6422	0.161072
7575	0.165533
1514	0.162638
16937	0.160667
2014	0.165024
17614	0.163294
8450	0.164509
5094	0.164887
19578	0.161349
17735	0.161337
19849	0.166348
4006	0.163954
12965	0.163755
15021	0.165131
15567	0.164728
14370	0.165877
2896	0.163607
390	0.164918
1635	0.162599
11698	0.165088
8442	0.161874
16662	0.161525
15527	0.161803
1303	0.167069
1828	0.165346
15639	0.165964
12747	0.165727
641	0.160622
6415	0.166664
2020	0.165620
3203	0.160717
4119	0.161452
18144	0.164752
18894	0.162701
2661	0.166887
11044	0.165405
9198	0.164272
10529	0.163419
9690	0.161105
10977	0.162421
18385	0.162896
18395	0.160935
14816	0.163542
257	0.164361
1627	0.161795
9310	0.165780
942	0.163997
2356	0.163817
8821	0.165685
4406	0.165045
2953	0.163355
10112	0.166260
12260	0.163189
2388	0.163036
16893	0.162323
375	0.163839
4851	0.164552
17111	0.161288
4860	0.162247
17739	0.166826
13210	0.164729
7520	0.165832
15574	0.161027
5768	0.163649
19145	0.165023
10862	0.160937
11832	0.165817
11400	0.164963
12110	0.162141
12255	0.164086
12953	0.167064
4964	0.161120
12671	0.164016
16981	0.161713
15906	0.163221
3188	0.166820
4545	0.164004
3587	0.162487
6355	0.163039
14659	0.163107
1675	0.161515
9137	0.166512
5128	0.165919
2071	0.161680
2746	0.161734
7304	0.166795
4106	0.162986
480	0.164076
2532	0.161473
11039	0.162520
13677	0.161959
570	0.163714
19991	0.162729
19316	0.161961
16061	0.166764
1426	0.166722
1983	0.164986
10427	0.163089
17707	0.164783
18877	0.166001
10998	0.163318
16305	0.164031
8402	0.166774
820	0.166488
1732	0.162119
14750	0.164235
16767	0.164742
3329	0.165660
10297	0.166319
16052	0.161503
3187	0.161757
4411	0.165586
3488	0.163345
13139	0.166298
10755	0.166031
955	0.166935
5199	0.161514
477	0.162958
5157	0.164287
19529	0.165434
1108	0.166073
12578	0.162516
7190	0.166836
5182	0.166166
9567	0.164151
12447	0.162671
1755	0.162792
12774	0.162370
12208	0.162072
2933	0.162833
2655	0.165210
13418	0.164288
3093	0.161840
2588	0.163158
10000	0.164014
16727	0.166829
3670	0.163164
5270	0.165933
1331	0.163321
17952	0.162057
5272	0.163727
6444	0.161634
12696	0.165763
6825	0.161998
7147	0.163902
18078	0.164324
18835	0.164113
2788	0.166382
11254	0.162403
3449	0.162298
2703	0.164861
1462	0.164813
7266	0.165998
10241	0.165131
2102	0.162947
3819	0.165955
15168	0.165913
13165	0.164911
18828	0.163875
12897	0.165070
16486	0.161780
738	0.165968
740	0.165486
5384	0.163038
16759	0.163307
12659	0.164957
954	0.162938
6742	0.164977
5459	0.166634
16505	0.165959
18369	0.165169
13280	0.165585
1501	0.162353
17100	0.162544
8228	0.162300
6244	0.164184
3591	0.165885
3629	0.164321
2397	0.162185
9174	0.162322
10629	0.164851
815	0.165479
3499	0.163124
3878	0.164008
8701	0.162411
8666	0.162780
5877	0.163850
7146	0.165770
13699	0.163587
4773	0.165633
2522	0.162448
3864	0.166284
12390	0.163903
15935	0.165644
776	0.162306
10095	0.166263
11830	0.164725
12841	0.163681
3094	0.166210
11547	0.162306
13903	0.162875
11397	0.165636
13951	0.164737
716	0.163649
6303	0.163790
9275	0.164601
11901	0.162646
3859	0.165318
124	0.162838
3738	0.162864
2528	0.164300
1699	0.164831
12727	0.163029
1261	0.164476
16837	0.162539
3379	0.165693
3994	0.165741
4330	0.163642
19018	0.165781
4416	0.162507
383	0.162224
8222	0.162624
19889	0.162818
5007	0.165042
6743	0.162637
7586	0.164146
17244	0.164463
9556	0.166695
13232	0.162530
19469	0.162485
17494	0.166953
3892	0.165595
5086	0.163567
8694	0.165099
9378	0.166876
14451	0.163875
7337	0.165227
75	0.162927
10231	0.165235
11211	0.164537
8316	0.164945
1839	0.166757
2793	0.162536
14877	0.163921
19335	0.166643
5546	0.163447
7894	0.165717
271	0.166667
16506	0.163942
19319	0.163643
15872	0.162513
4898	0.165983
1157	0.167054
13958	0.163416
1334	0.164533
12857	0.166026
4280	0.165361
15908	0.166836
18087	0.165309
8223	0.164478
4432	0.166492
17840	0.163591
5130	0.163921
4688	0.166730
15033	0.166863
15301	0.163496
1182	0.164015
15264	0.165913
5823	0.163536
3145	0.166997
5990	0.163387
17573	0.165916
1249	0.164793
14779	0.166928
8565	0.166405
18603	0.162805
7125	0.166766
4881	0.163843
2826	0.164488
17999	0.162649
18217	0.163246
6980	0.163903
9633	0.164456
12877	0.165113
1253	0.165500
8801	0.164782
2525	0.163318
7679	0.162870
11405	0.163134
6137	0.164465
11650	0.162775
988	0.163134
5321	0.163125
7066	0.165637
10673	0.165392
10167	0.165118
15287	0.164756
1708	0.165983
18459	0.166388
7903	0.163399
12859	0.163965
11488	0.163368
1231	0.163571
11750	0.166821
19542	0.163633
8366	0.166548
328	0.164868
7806	0.165888
11528	0.166225
2756	0.166749
12722	0.166679
16336	0.163816
4246	0.165062
935	0.166887
1582	0.163648
6173	0.165727
4487	0.165655
14547	0.165148
676	0.166363
7162	0.163300
823	0.164576
7686	0.166482
8991	0.164506
6509	0.164423
14863	0.165793
15597	0.163395
647	0.166881
1813	0.165213
10128	0.166937
17260	0.166605
5271	0.165004
4335	0.166351
1408	0.163264
18303	0.164793
461	0.164853
4870	0.164389
1954	0.164271
11609	0.164915
15299	0.165371
10228	0.165223
7358	0.166584
14301	0.165936
9048	0.166605
9456	0.163190
6684	0.163941
700	0.166281
14466	0.163520
1496	0.163908
2563	0.164473
13180	0.166785
9987	0.163315
17144	0.163112
14910	0.164930
3883	0.164603
6755	0.164167
7867	0.166756
2909	0.166321
12250	0.166330
7905	0.163673
12290	0.164742
1606	0.166912
19778	0.164398
14840	0.165162
12114	0.166821
18105	0.165971
7173	0.164666
12072	0.166250
11234	0.164278
15449	0.164155
17937	0.166342
18567	0.163810
10111	0.164908
7218	0.163597
9584	0.163535
4457	0.164704
11117	0.165609
18070	0.166065
8055	0.164231
1865	0.164682
10409	0.164923
4783	0.165173
1338	0.163827
5900	0.163731
8524	0.164266
3500	0.166256
13584	0.166267
2834	0.166013
8823	0.166269
19611	0.165086
15929	0.165685
14529	0.165911
4150	0.163557
1659	0.164434
14732	0.163974
19975	0.165489
1144	0.164260
3508	0.166445
19112	0.164725
9742	0.164619
3554	0.164494
16060	0.165430
6000	0.166096
13645	0.165640
14540	0.167088
18293	0.165394
18537	0.167047
12401	0.165592
8527	0.164226
18420	0.166032
9773	0.165683
1556	0.165405
4707	0.165141
10352	0.164434
19214	0.164388
5102	0.166949
17841	0.164154
6138	0.166626
15573	0.166023
13185	0.165830
9430	0.165094
956	0.166517
16097	0.165399
16003	0.165071
6969	0.166454
11865	0.166457
4301	0.164039
11765	0.164320
6257	0.164646
19617	0.166670
9620	0.164010
284	0.164313
17815	0.163821
16180	0.164508
2950	0.165912
12823	0.165588
18706	0.163794
10429	0.163879
13845	0.165291
2436	0.165243
1199	0.165056
3317	0.165623
1524	0.164340
10721	0.164877
889	0.166867
10504	0.164203
1943	0.166365
4091	0.165493
8430	0.166320
1394	0.164540
18124	0.166462
3005	0.164683
6860	0.166149
19905	0.166494
9983	0.165551
11843	0.165396
11277	0.166361
5299	0.165529
8002	0.165703
2171	0.165812
15357	0.164006
3185	0.166164
15239	0.164385
1973	0.167004
16962	0.164542
19979	0.164328
608	0.164968
17871	0.165232
1581	0.167013
8849	0.164976
6494	0.165571
8749	0.164109
2882	0.165455
12545	0.164403
11147	0.164111
5643	0.164478
6717	0.164627
10017	0.166545
14382	0.166035
8416	0.166615
2573	0.164843
18389	0.165084
17936	0.166848
1621	0.166226
7617	0.166903
11238	0.166870
18213	0.166512
2109	0.164371
11425	0.165770
17640	0.165871
15884	0.164956
800	0.165460
14470	0.165303
3376	0.165086
707	0.164893
3856	0.166026
3042	0.166788
5580	0.166077
8380	0.164854
14155	0.164455
17748	0.165497
14261	0.166185
19459	0.164775
9125	0.165544
2481	0.166081
8453	0.165464
10516	0.165321
1122	0.166443
5941	0.166367
374	0.167052
15745	0.165184
16528	0.166423
13599	0.166463
16408	0.166312
19792	0.166944
9824	0.164659
4456	0.165566
8704	0.165946
13046	0.164751
11887	0.165677
4729	0.166654
2208	0.166454
3700	0.166353
8167	0.165779
1275	0.165194
19103	0.164928
15046	0.165338
2936	0.164556
16709	0.165664
7169	0.165566
18935	0.165058
7055	0.164981
17677	0.165615
5700	0.164879
6003	0.165492
12921	0.164711
4097	0.166906
1373	0.167005
5778	0.166328
16426	0.165692
6117	0.166652
10931	0.164904
9634	0.164717
18607	0.165230
2092	0.166565
7907	0.166424
8961	0.165619
9360	0.165224
9144	0.166576
3111	0.164681
8224	0.165495
971	0.166533
7153	0.166565
16275	0.166023
6304	0.166837
2901	0.165467
2041	0.165037
5703	0.166720
12227	0.165438
14306	0.165225
18809	0.165227
17851	0.166603
5092	0.166439
1065	0.165333
4782	0.166846
9639	0.165200
6088	0.165778
1022	0.165274
879	0.167082
350	0.166330
8047	0.166774
18007	0.165464
2893	0.165085
1093	0.165546
7325	0.166276
4360	0.166300
19071	0.165559
10368	0.165132
17304	0.166927
7764	0.165263
12037	0.165101
10436	0.166433
17876	0.165310
1783	0.165202
19519	0.165247
10732	0.165323
2221	0.165511
13026	0.165574
8398	0.166615
5562	0.165197
4187	0.166640
12156	0.165314
5588	0.165857
2343	0.166641
6287	0.166250
3822	0.165923
4166	0.165617
14614	0.165548
17985	0.165270
12177	0.166169
5361	0.166864
2618	0.165846
1180	0.165574
11740	0.165447
1523	0.165978
5401	0.165495
4944	0.166642
17796	0.166308
4419	0.166279
281	0.165521
9608	0.165605
7376	0.165861
9769	0.165788
5335	0.166005
16329	0.167015
7752	0.166326
6240	0.166849
2244	0.166312
1835	0.166893
6469	0.167064
3321	0.166356
6073	0.167016
12024	0.166011
11861	0.166692
15727	0.165966
1467	0.166061
1410	0.166070
7407	0.165529
3521	0.166649
5797	0.166666
323	0.165583
8489	0.166938
2466	0.165774
8092	0.165868
10016	0.166403
15789	0.165697
2850	0.167023
19689	0.166260
3692	0.166432
13211	0.166041
966	0.166404
2173	0.166998
3227	0.166901
5051	0.166874
10388	0.166166
5069	0.165860
17904	0.166365
9297	0.165958
3871	0.166088
5820	0.166331
14142	0.166310
17740	0.166261
11636	0.166013
4673	0.166118
18360	0.166106
16712	0.166684
17161	0.166139
6636	0.166204
6258	0.166671
2061	0.166516
19641	0.166449
8212	0.165986
2852	0.166533
15240	0.166006
13030	0.166882
5274	0.166003
5207	0.166304
9933	0.166887
10651	0.166040
2653	0.167031
10883	0.166959
18969	0.166772
6953	0.167092
1575	0.166550
9738	0.167033
7437	0.166560
4646	0.166641
5300	0.166172
10463	0.166315
13827	0.166537
13065	0.167011
13679	0.166739
11339	0.166502
18664	0.166884
1198	0.166074
17028	0.166477
17900	0.166316
10686	0.166291
19407	0.166929
13942	0.166801
11726	0.166328
13189	0.166538
10547	0.167005
4315	0.166983
10382	0.166275
4596	0.166580
15952	0.166744
2189	0.166602
5400	0.166566
772	0.166553
1021	0.166726
10035	0.166200
15570	0.166584
8959	0.166708
859	0.166726
8806	0.166241
9357	0.166474
11805	0.166608
10073	0.166608
863	0.166440
1640	0.166706
15716	0.166513
11019	0.166367
6497	0.166866
11225	0.167102
16650	0.166889
19207	0.166807
4148	0.166973
3684	0.167057
4891	0.166628
1850	0.166929
16812	0.166781
336	0.166672
289	0.166883
1629	0.167012
5739	0.166720
18915	0.166518
5949	0.166818
6417	0.167073
16984	0.167096
6879	0.166614
11074	0.166978
9251	0.167078
7067	0.166835
16445	0.167114
7984	0.166688
14969	0.166821
986	0.166747
9788	0.166529
17792	0.166483
16340	0.166922
12014	0.166962
6224	0.166610
8110	0.166528
2445	0.166552
11341	0.166826
17646	0.166924
1404	0.166793
12766	0.166738
621	0.166770
8218	0.166936
19554	0.166805
12261	0.166671
4180	0.166770
11113	0.166749
2491	0.166950
4713	0.166701
4205	0.166757
4788	0.166872
14812	0.166688
14108	0.166768
3618	0.167068
15055	0.166666
17848	0.167053
8349	0.166863
3877	0.166759
16054	0.166738
2937	0.167025
16707	0.166815
6133	0.167069
12479	0.166873
14926	0.167039
14112	0.166811
14069	0.166854
15638	0.166792
3461	0.166763
18173	0.166958
13268	0.166852
10404	0.166926
2383	0.167001
17005	0.167028
9343	0.166995
961	0.166921
19489	0.166864
7672	0.167074
17626	0.166905
15316	0.167028
12980	0.167007
3437	0.166979
5635	0.167050
10805	0.167021
2256	0.167055
12175	0.167020
17921	0.166984
5111	0.166994
8101	0.167101
1742	0.167108
1167	0.167070
4557	0.166974
3810	0.167051
1551	0.167097
1704	0.166987
7582	0.167013
3134	0.167123
2114	0.167111
882	0.167101
1614	0.167058
14141	0.167047
14058	0.167044
7968	0.167094
5273	0.167119
15518	0.167120
18030	0.167123
11303	0.167123
